gap_bucket,vol_bucket,flow_bucket,volume_bucket,prev_fee_bucket,action_fee_bps,value_estimate,visit_count
0,0,0,0,1,3,0.040594,554
0,0,0,0,1,6,0.020974,62
0,0,0,0,1,10,0.011304,40
0,0,0,0,1,20,0.004579,51
0,0,0,0,1,30,0.008345,40
0,0,0,0,2,3,0.000000,0
0,0,0,0,2,6,0.000025,1
0,0,0,0,2,10,0.000000,0
0,0,0,0,2,20,0.000000,0
0,0,0,0,2,30,0.000000,0
0,0,0,0,3,3,0.001792,2
0,0,0,0,3,6,0.012359,20
0,0,0,0,3,10,0.000605,4
0,0,0,0,3,20,0.000001,2
0,0,0,0,3,30,0.000463,3
0,0,0,0,4,3,0.019827,27
0,0,0,0,4,6,0.000000,0
0,0,0,0,4,10,0.001412,4
0,0,0,0,4,20,0.000108,4
0,0,0,0,4,30,0.000468,2
0,0,2,0,0,3,0.040795,350
0,0,2,0,0,6,0.019465,26
0,0,2,0,0,10,0.011444,25
0,0,2,0,0,20,0.011504,21
0,0,2,0,0,30,0.006268,35
0,0,2,0,1,3,0.004047,6
0,0,2,0,1,6,0.029067,47
0,0,2,0,1,10,0.001136,5
0,0,2,0,1,20,0.001941,15
0,0,2,0,1,30,0.001217,10
0,0,2,0,2,3,0.031172,48
0,0,2,0,2,6,0.006391,12
0,0,2,0,2,10,0.001107,10
0,0,2,0,2,20,0.003256,13
0,0,2,0,2,30,0.001664,16
0,0,2,0,3,3,0.027064,38
0,0,2,0,3,6,0.005477,18
0,0,2,0,3,10,0.003027,4
0,0,2,0,3,20,0.000625,3
0,0,2,0,3,30,0.000118,3
0,0,2,0,4,3,0.003869,4
0,0,2,0,4,6,0.013777,27
0,0,2,0,4,10,0.000010,1
0,0,2,0,4,20,0.001683,8
0,0,2,0,4,30,0.001427,7
0,0,2,1,0,3,0.029685,52
0,0,2,1,0,6,0.040896,569
0,0,2,1,0,10,0.026955,59
0,0,2,1,0,20,0.030743,51
0,0,2,1,0,30,0.024159,51
0,0,2,1,1,3,0.023343,31
0,0,2,1,1,6,0.040900,269
0,0,2,1,1,10,0.018353,49
0,0,2,1,1,20,0.018628,59
0,0,2,1,1,30,0.015544,35
0,0,2,1,2,3,0.038587,112
0,0,2,1,2,6,0.012257,42
0,0,2,1,2,10,0.011675,40
0,0,2,1,2,20,0.011394,35
0,0,2,1,2,30,0.012659,38
0,0,2,1,3,3,0.040784,166
0,0,2,1,3,6,0.021168,53
0,0,2,1,3,10,0.011378,38
0,0,2,1,3,20,0.017120,39
0,0,2,1,3,30,0.014643,41
0,0,2,1,4,3,0.040242,119
0,0,2,1,4,6,0.016332,30
0,0,2,1,4,10,0.010535,37
0,0,2,1,4,20,0.010346,22
0,0,2,1,4,30,0.021201,46
0,0,2,2,0,3,0.041223,5594
0,0,2,2,0,6,0.041100,467
0,0,2,2,0,10,0.040815,371
0,0,2,2,0,20,0.040762,412
0,0,2,2,0,30,0.040746,417
0,0,2,2,1,3,0.041217,7189
0,0,2,2,1,6,0.041124,549
0,0,2,2,1,10,0.040803,389
0,0,2,2,1,20,0.040775,421
0,0,2,2,1,30,0.040765,426
0,0,2,2,2,3,0.041217,1745
0,0,2,2,2,6,0.040958,171
0,0,2,2,2,10,0.040496,185
0,0,2,2,2,20,0.040528,169
0,0,2,2,2,30,0.040590,190
0,0,2,2,3,3,0.041182,904
0,0,2,2,3,6,0.040098,115
0,0,2,2,3,10,0.039506,129
0,0,2,2,3,20,0.039977,126
0,0,2,2,3,30,0.039843,117
0,0,2,2,4,3,0.041195,671
0,0,2,2,4,6,0.040214,117
0,0,2,2,4,10,0.038330,96
0,0,2,2,4,20,0.038840,110
0,0,2,2,4,30,0.038213,95
0,0,3,0,0,3,0.030971,65
0,0,3,0,0,6,0.000612,3
0,0,3,0,0,10,0.000321,3
0,0,3,0,0,20,0.000071,3
0,0,3,0,0,30,0.000080,9
0,0,3,0,1,3,0.000312,1
0,0,3,0,1,6,0.022486,20
0,0,3,0,1,10,0.000000,0
0,0,3,0,1,20,0.000000,0
0,0,3,0,1,30,0.000000,0
0,0,3,0,2,3,0.002375,3
0,0,3,0,2,6,0.000114,1
0,0,3,0,2,10,0.000228,3
0,0,3,0,2,20,0.000000,0
0,0,3,0,2,30,0.000000,1
0,0,3,0,3,3,0.000000,0
0,0,3,0,3,6,0.000000,0
0,0,3,0,3,10,0.000000,0
0,0,3,0,3,20,0.000000,1
0,0,3,0,3,30,0.000022,1
0,0,3,0,4,3,0.000122,1
0,0,3,0,4,6,0.000293,2
0,0,3,0,4,10,0.000000,0
0,0,3,0,4,20,0.000000,0
0,0,3,0,4,30,0.000000,0
0,0,3,1,0,3,0.000806,2
0,0,3,1,0,6,0.000000,0
0,0,3,1,0,10,0.025971,32
0,0,3,1,0,20,0.001111,3
0,0,3,1,0,30,0.000203,2
0,0,3,1,1,3,0.001587,1
0,0,3,1,1,6,0.033298,36
0,0,3,1,1,10,0.005519,4
0,0,3,1,1,20,0.000061,2
0,0,3,1,1,30,-0.000000,2
0,0,3,1,2,3,0.000000,0
0,0,3,1,2,6,0.005679,4
0,0,3,1,2,10,0.000000,0
0,0,3,1,2,20,0.000063,3
0,0,3,1,2,30,0.000000,0
0,0,3,1,3,3,0.000000,0
0,0,3,1,3,6,0.006130,4
0,0,3,1,3,10,0.000000,0
0,0,3,1,3,20,0.000061,1
0,0,3,1,3,30,0.000000,0
0,0,3,1,4,3,0.000000,0
0,0,3,1,4,6,0.000152,1
0,0,3,1,4,10,0.000000,0
0,0,3,1,4,20,-0.000000,1
0,0,3,1,4,30,0.000000,0
0,0,3,2,1,3,0.000000,0
0,0,3,2,1,6,0.000000,0
0,0,3,2,1,10,0.000000,0
0,0,3,2,1,20,0.000000,0
0,0,3,2,1,30,0.000000,1
0,0,3,2,2,3,0.000000,0
0,0,3,2,2,6,0.000000,0
0,0,3,2,2,10,0.000000,0
0,0,3,2,2,20,0.000000,0
0,0,3,2,2,30,0.000238,1
0,1,0,0,2,3,0.000000,0
0,1,0,0,2,6,0.000174,1
0,1,0,0,2,10,0.000000,0
0,1,0,0,2,20,0.000000,0
0,1,0,0,2,30,0.000000,0
0,1,0,0,3,3,0.000000,0
0,1,0,0,3,6,0.000000,0
0,1,0,0,3,10,0.000000,0
0,1,0,0,3,20,0.000000,2
0,1,0,0,3,30,0.000000,0
0,1,2,0,0,3,0.021892,18
0,1,2,0,0,6,0.000611,2
0,1,2,0,0,10,0.000901,5
0,1,2,0,0,20,0.000888,3
0,1,2,0,0,30,0.000387,2
0,1,2,0,1,3,0.020039,18
0,1,2,0,1,6,0.002030,1
0,1,2,0,1,10,0.000975,4
0,1,2,0,1,20,0.000116,3
0,1,2,0,1,30,0.000269,2
0,1,2,0,2,3,0.019914,17
0,1,2,0,2,6,0.004456,5
0,1,2,0,2,10,0.000545,7
0,1,2,0,2,20,0.000405,2
0,1,2,0,2,30,0.000002,2
0,1,2,0,3,3,0.005052,3
0,1,2,0,3,6,0.022424,26
0,1,2,0,3,10,0.002532,7
0,1,2,0,3,20,0.000617,1
0,1,2,0,3,30,0.000523,11
0,1,2,0,4,3,0.008721,11
0,1,2,0,4,6,0.000116,2
0,1,2,0,4,10,0.000567,3
0,1,2,0,4,20,0.000058,2
0,1,2,0,4,30,-0.000000,1
0,1,2,1,0,3,0.041105,1852
0,1,2,1,0,6,0.040605,524
0,1,2,1,0,10,0.039920,449
0,1,2,1,0,20,0.040128,442
0,1,2,1,0,30,0.039495,425
0,1,2,1,1,3,0.041115,1660
0,1,2,1,1,6,0.040071,528
0,1,2,1,1,10,0.039155,488
0,1,2,1,1,20,0.039427,501
0,1,2,1,1,30,0.039323,480
0,1,2,1,2,3,0.041116,1795
0,1,2,1,2,6,0.040252,702
0,1,2,1,2,10,0.039605,616
0,1,2,1,2,20,0.039889,674
0,1,2,1,2,30,0.039622,650
0,1,2,1,3,3,0.039809,1333
0,1,2,1,3,6,0.041080,1003
0,1,2,1,3,10,0.039804,635
0,1,2,1,3,20,0.039096,653
0,1,2,1,3,30,0.039359,618
0,1,2,1,4,3,0.041018,1169
0,1,2,1,4,6,0.038963,573
0,1,2,1,4,10,0.038599,481
0,1,2,1,4,20,0.038448,523
0,1,2,1,4,30,0.038579,519
0,1,2,2,0,3,0.041198,167706
0,1,2,2,0,6,0.041091,22467
0,1,2,2,0,10,0.040815,12992
0,1,2,2,0,20,0.040772,13032
0,1,2,2,0,30,0.040726,13032
0,1,2,2,1,3,0.041189,277143
0,1,2,2,1,6,0.041129,33304
0,1,2,2,1,10,0.040828,19577
0,1,2,2,1,20,0.040792,19544
0,1,2,2,1,30,0.040729,19497
0,1,2,2,2,3,0.041227,98846
0,1,2,2,2,6,0.041024,15413
0,1,2,2,2,10,0.040823,10250
0,1,2,2,2,20,0.040783,10051
0,1,2,2,2,30,0.040727,10170
0,1,2,2,3,3,0.041214,50221
0,1,2,2,3,6,0.041050,16327
0,1,2,2,3,10,0.040777,6650
0,1,2,2,3,20,0.040759,6447
0,1,2,2,3,30,0.040704,6657
0,1,2,2,4,3,0.040847,21891
0,1,2,2,4,6,0.041166,9264
0,1,2,2,4,10,0.040780,4259
0,1,2,2,4,20,0.040758,4263
0,1,2,2,4,30,0.040742,4069
0,1,3,0,0,3,0.000000,0
0,1,3,0,0,6,0.006005,5
0,1,3,0,0,10,0.000016,1
0,1,3,0,0,20,0.000012,1
0,1,3,0,0,30,0.000016,3
0,1,3,0,1,3,0.000000,0
0,1,3,0,1,6,0.003885,2
0,1,3,0,1,10,0.000000,0
0,1,3,0,1,20,0.000000,0
0,1,3,0,1,30,0.000006,2
0,1,3,0,2,3,0.000000,0
0,1,3,0,2,6,0.001120,1
0,1,3,0,2,10,0.003218,6
0,1,3,0,2,20,0.000000,0
0,1,3,0,2,30,0.000005,1
0,1,3,0,3,3,0.001245,1
0,1,3,0,3,6,0.000000,0
0,1,3,0,3,10,0.002557,7
0,1,3,0,3,20,0.000000,0
0,1,3,0,3,30,0.000000,1
0,1,3,0,4,3,0.000000,0
0,1,3,0,4,6,0.000000,0
0,1,3,0,4,10,0.002269,7
0,1,3,0,4,20,0.000000,0
0,1,3,0,4,30,0.000000,0
0,1,3,1,0,3,0.010664,7
0,1,3,1,0,6,0.029364,33
0,1,3,1,0,10,0.002056,2
0,1,3,1,0,20,0.002001,7
0,1,3,1,0,30,0.000331,3
0,1,3,1,1,3,0.005935,4
0,1,3,1,1,6,0.004883,3
0,1,3,1,1,10,0.035446,60
0,1,3,1,1,20,0.000000,0
0,1,3,1,1,30,0.000837,5
0,1,3,1,2,3,0.003176,3
0,1,3,1,2,6,0.023016,22
0,1,3,1,2,10,0.006705,4
0,1,3,1,2,20,0.001534,3
0,1,3,1,2,30,0.000203,1
0,1,3,1,3,3,0.020706,18
0,1,3,1,3,6,0.000000,0
0,1,3,1,3,10,0.003756,2
0,1,3,1,3,20,0.000119,2
0,1,3,1,3,30,0.000476,3
0,1,3,1,4,3,0.001587,1
0,1,3,1,4,6,0.011166,8
0,1,3,1,4,10,0.002179,2
0,1,3,1,4,20,0.000264,2
0,1,3,1,4,30,0.000652,3
0,1,3,2,0,3,0.018012,27
0,1,3,2,0,6,0.005715,6
0,1,3,2,0,10,0.004759,7
0,1,3,2,0,20,0.004363,20
0,1,3,2,0,30,0.005977,9
0,1,3,2,1,3,0.006629,10
0,1,3,2,1,6,0.006046,11
0,1,3,2,1,10,0.017868,29
0,1,3,2,1,20,0.004752,12
0,1,3,2,1,30,0.004072,13
0,1,3,2,2,3,0.006793,10
0,1,3,2,2,6,0.013569,15
0,1,3,2,2,10,0.006055,14
0,1,3,2,2,20,0.003772,8
0,1,3,2,2,30,0.002628,5
0,1,3,2,3,3,0.012349,15
0,1,3,2,3,6,0.008058,14
0,1,3,2,3,10,0.009728,19
0,1,3,2,3,20,0.004655,9
0,1,3,2,3,30,0.000852,8
0,1,3,2,4,3,0.004240,12
0,1,3,2,4,6,0.002803,6
0,1,3,2,4,10,0.005352,12
0,1,3,2,4,20,0.002140,10
0,1,3,2,4,30,0.002079,5
0,2,2,0,0,3,0.000000,0
0,2,2,0,0,6,0.002137,2
0,2,2,0,0,10,0.000000,0
0,2,2,0,0,20,0.000000,0
0,2,2,0,0,30,0.000000,0
0,2,2,0,1,3,0.000306,1
0,2,2,0,1,6,0.000000,0
0,2,2,0,1,10,0.000000,0
0,2,2,0,1,20,0.000000,0
0,2,2,0,1,30,0.000000,0
0,2,2,0,3,3,0.000000,0
0,2,2,0,3,6,0.000000,0
0,2,2,0,3,10,0.000000,0
0,2,2,0,3,20,0.000000,0
0,2,2,0,3,30,0.000007,1
0,2,2,0,4,3,0.000000,0
0,2,2,0,4,6,0.000000,0
0,2,2,0,4,10,0.000000,0
0,2,2,0,4,20,0.000000,0
0,2,2,0,4,30,0.000566,4
0,2,2,1,0,3,0.002053,1
0,2,2,1,0,6,0.001921,1
0,2,2,1,0,10,0.015180,13
0,2,2,1,0,20,0.003950,2
0,2,2,1,0,30,0.000000,0
0,2,2,1,1,3,0.000000,0
0,2,2,1,1,6,0.002222,2
0,2,2,1,1,10,0.000000,0
0,2,2,1,1,20,0.000098,1
0,2,2,1,1,30,0.006649,6
0,2,2,1,2,3,0.011213,10
0,2,2,1,2,6,0.000000,0
0,2,2,1,2,10,0.000000,0
0,2,2,1,2,20,0.001942,2
0,2,2,1,2,30,0.002021,1
0,2,2,1,3,3,0.000129,1
0,2,2,1,3,6,0.000210,1
0,2,2,1,3,10,0.006203,10
0,2,2,1,3,20,0.000197,1
0,2,2,1,3,30,0.000005,2
0,2,2,1,4,3,0.000000,0
0,2,2,1,4,6,0.004870,7
0,2,2,1,4,10,0.000000,0
0,2,2,1,4,20,0.000000,0
0,2,2,1,4,30,0.000000,0
0,2,2,2,0,3,0.006915,8
0,2,2,2,0,6,0.027241,38
0,2,2,2,0,10,0.000476,2
0,2,2,2,0,20,0.007813,8
0,2,2,2,0,30,0.004272,6
0,2,2,2,1,3,0.032898,61
0,2,2,2,1,6,0.002518,3
0,2,2,2,1,10,0.007722,9
0,2,2,2,1,20,0.004002,6
0,2,2,2,1,30,0.008705,7
0,2,2,2,2,3,0.008115,6
0,2,2,2,2,6,0.003088,7
0,2,2,2,2,10,0.019105,36
0,2,2,2,2,20,0.002030,1
0,2,2,2,2,30,0.002698,3
0,2,2,2,3,3,0.033090,75
0,2,2,2,3,6,0.004600,6
0,2,2,2,3,10,0.003618,8
0,2,2,2,3,20,0.007380,9
0,2,2,2,3,30,0.004800,8
0,2,2,2,4,3,0.003187,5
0,2,2,2,4,6,0.030736,56
0,2,2,2,4,10,0.002856,4
0,2,2,2,4,20,0.000123,2
0,2,2,2,4,30,0.005875,5
0,2,3,0,2,3,0.001867,1
0,2,3,0,2,6,0.000000,0
0,2,3,0,2,10,0.000000,0
0,2,3,0,2,20,0.000000,0
0,2,3,0,2,30,0.000000,0
0,2,3,1,0,3,0.008133,8
0,2,3,1,0,6,0.000000,0
0,2,3,1,0,10,0.000000,0
0,2,3,1,0,20,0.000860,1
0,2,3,1,0,30,0.000000,0
0,2,3,1,1,3,0.005888,7
0,2,3,1,1,6,0.000000,0
0,2,3,1,1,10,0.000000,0
0,2,3,1,1,20,0.000000,0
0,2,3,1,1,30,0.000000,0
0,2,3,1,2,3,0.000000,0
0,2,3,1,2,6,0.000590,2
0,2,3,1,2,10,0.000000,0
0,2,3,1,2,20,0.000000,0
0,2,3,1,2,30,0.000000,0
0,2,3,1,3,3,0.000000,0
0,2,3,1,3,6,0.003867,3
0,2,3,1,3,10,0.000000,0
0,2,3,1,3,20,0.000000,0
0,2,3,1,3,30,0.000000,0
0,2,3,1,4,3,0.000000,0
0,2,3,1,4,6,0.001751,1
0,2,3,1,4,10,0.000000,0
0,2,3,1,4,20,0.000000,0
0,2,3,1,4,30,0.000000,0
0,2,3,2,0,3,0.000000,0
0,2,3,2,0,6,0.000216,2
0,2,3,2,0,10,0.000000,0
0,2,3,2,0,20,0.000000,0
0,2,3,2,0,30,0.000000,0
0,2,3,2,2,3,0.001613,1
0,2,3,2,2,6,0.000000,0
0,2,3,2,2,10,0.000000,0
0,2,3,2,2,20,0.000000,0
0,2,3,2,2,30,0.000000,0
0,2,3,2,3,3,0.000000,0
0,2,3,2,3,6,0.000020,1
0,2,3,2,3,10,0.000000,0
0,2,3,2,3,20,0.000000,0
0,2,3,2,3,30,0.000000,0
1,0,0,0,1,3,0.040624,850
1,0,0,0,1,6,0.024266,73
1,0,0,0,1,10,0.016833,63
1,0,0,0,1,20,0.011517,64
1,0,0,0,1,30,0.008815,65
1,0,0,0,2,3,0.000000,0
1,0,0,0,2,6,0.000000,0
1,0,0,0,2,10,0.000000,0
1,0,0,0,2,20,0.000000,1
1,0,0,0,2,30,0.000000,0
1,0,0,0,3,3,0.018289,23
1,0,0,0,3,6,0.000735,5
1,0,0,0,3,10,0.000789,6
1,0,0,0,3,20,0.000036,6
1,0,0,0,3,30,0.000157,8
1,0,0,0,4,3,0.014347,26
1,0,0,0,4,6,0.002579,3
1,0,0,0,4,10,0.000840,5
1,0,0,0,4,20,0.000174,6
1,0,0,0,4,30,0.000094,5
1,0,2,0,0,3,0.040817,507
1,0,2,0,0,6,0.019530,36
1,0,2,0,0,10,0.018603,42
1,0,2,0,0,20,0.017987,34
1,0,2,0,0,30,0.010040,30
1,0,2,0,1,3,0.036332,67
1,0,2,0,1,6,0.006310,16
1,0,2,0,1,10,0.007344,15
1,0,2,0,1,20,0.003519,13
1,0,2,0,1,30,0.002295,11
1,0,2,0,2,3,0.035581,68
1,0,2,0,2,6,0.003826,16
1,0,2,0,2,10,0.001696,11
1,0,2,0,2,20,0.003321,12
1,0,2,0,2,30,0.003817,11
1,0,2,0,3,3,0.029979,47
1,0,2,0,3,6,0.002824,7
1,0,2,0,3,10,0.002465,9
1,0,2,0,3,20,0.002414,7
1,0,2,0,3,30,0.000789,5
1,0,2,0,4,3,0.021414,25
1,0,2,0,4,6,0.003469,10
1,0,2,0,4,10,0.001209,6
1,0,2,0,4,20,0.002685,11
1,0,2,0,4,30,0.000232,6
1,0,2,1,0,3,0.040883,815
1,0,2,1,0,6,0.033232,77
1,0,2,1,0,10,0.029011,76
1,0,2,1,0,20,0.027110,73
1,0,2,1,0,30,0.033449,80
1,0,2,1,1,3,0.040891,388
1,0,2,1,1,6,0.024171,58
1,0,2,1,1,10,0.019258,60
1,0,2,1,1,20,0.022110,72
1,0,2,1,1,30,0.020525,60
1,0,2,1,2,3,0.040595,183
1,0,2,1,2,6,0.021528,65
1,0,2,1,2,10,0.010875,51
1,0,2,1,2,20,0.020028,90
1,0,2,1,2,30,0.021358,50
1,0,2,1,3,3,0.027069,62
1,0,2,1,3,6,0.020475,61
1,0,2,1,3,10,0.018784,56
1,0,2,1,3,20,0.038109,266
1,0,2,1,3,30,0.024852,59
1,0,2,1,4,3,0.040867,194
1,0,2,1,4,6,0.020502,77
1,0,2,1,4,10,0.018156,50
1,0,2,1,4,20,0.016378,43
1,0,2,1,4,30,0.016843,36
1,0,2,2,0,3,0.041215,8120
1,0,2,2,0,6,0.041078,850
1,0,2,2,0,10,0.040942,639
1,0,2,2,0,20,0.040727,610
1,0,2,2,0,30,0.040752,582
1,0,2,2,1,3,0.041189,10007
1,0,2,2,1,6,0.041100,985
1,0,2,2,1,10,0.040918,646
1,0,2,2,1,20,0.040746,582
1,0,2,2,1,30,0.040756,617
1,0,2,2,2,3,0.041204,2581
1,0,2,2,2,6,0.041045,255
1,0,2,2,2,10,0.040859,269
1,0,2,2,2,20,0.040675,244
1,0,2,2,2,30,0.040676,248
1,0,2,2,3,3,0.040737,163
1,0,2,2,3,6,0.041169,1308
1,0,2,2,3,10,0.040389,176
1,0,2,2,3,20,0.040052,168
1,0,2,2,3,30,0.040476,194
1,0,2,2,4,3,0.041162,1002
1,0,2,2,4,6,0.040548,151
1,0,2,2,4,10,0.040311,184
1,0,2,2,4,20,0.040177,155
1,0,2,2,4,30,0.040327,185
1,0,3,0,0,3,0.004080,4
1,0,3,0,0,6,0.029442,89
1,0,3,0,0,10,0.001971,8
1,0,3,0,0,20,0.000980,9
1,0,3,0,0,30,0.000615,6
1,0,3,0,1,3,0.020461,18
1,0,3,0,1,6,0.001309,2
1,0,3,0,1,10,0.000000,0
1,0,3,0,1,20,0.000122,1
1,0,3,0,1,30,0.000207,3
1,0,3,0,2,3,0.009694,9
1,0,3,0,2,6,0.000000,0
1,0,3,0,2,10,0.000017,2
1,0,3,0,2,20,0.000000,1
1,0,3,0,2,30,0.000000,0
1,0,3,0,3,3,0.000000,0
1,0,3,0,3,6,0.000746,4
1,0,3,0,3,10,0.000000,0
1,0,3,0,3,20,0.000209,1
1,0,3,0,3,30,0.000001,2
1,0,3,0,4,3,0.002564,3
1,0,3,0,4,6,0.000000,0
1,0,3,0,4,10,0.001515,4
1,0,3,0,4,20,0.000000,0
1,0,3,0,4,30,0.000000,0
1,0,3,1,0,3,0.033009,45
1,0,3,1,0,6,0.004864,4
1,0,3,1,0,10,0.000024,3
1,0,3,1,0,20,0.000985,4
1,0,3,1,0,30,0.000488,5
1,0,3,1,1,3,0.003968,2
1,0,3,1,1,6,0.031715,32
1,0,3,1,1,10,0.004587,5
1,0,3,1,1,20,0.000173,4
1,0,3,1,1,30,0.001226,3
1,0,3,1,2,3,0.000000,0
1,0,3,1,2,6,0.000000,0
1,0,3,1,2,10,0.008044,10
1,0,3,1,2,20,0.000194,3
1,0,3,1,2,30,0.000000,0
1,0,3,1,3,3,0.000000,0
1,0,3,1,3,6,0.000000,0
1,0,3,1,3,10,0.004283,4
1,0,3,1,3,20,0.000016,2
1,0,3,1,3,30,0.000000,0
1,0,3,1,4,3,0.000000,0
1,0,3,1,4,6,0.003657,2
1,0,3,1,4,10,0.000259,2
1,0,3,1,4,20,0.000000,0
1,0,3,1,4,30,0.000655,3
1,0,3,2,3,3,0.000000,0
1,0,3,2,3,6,0.000000,0
1,0,3,2,3,10,0.000236,1
1,0,3,2,3,20,0.000000,0
1,0,3,2,3,30,0.000000,0
1,1,0,0,3,3,0.000075,1
1,1,0,0,3,6,0.000219,1
1,1,0,0,3,10,0.000000,0
1,1,0,0,3,20,0.000000,0
1,1,0,0,3,30,0.000000,0
1,1,0,0,4,3,0.000000,0
1,1,0,0,4,6,0.000000,0
1,1,0,0,4,10,0.000145,1
1,1,0,0,4,20,0.000000,0
1,1,0,0,4,30,0.000000,0
1,1,2,0,0,3,0.029427,30
1,1,2,0,0,6,0.005395,3
1,1,2,0,0,10,0.000585,1
1,1,2,0,0,20,0.003162,8
1,1,2,0,0,30,0.000171,2
1,1,2,0,1,3,0.031833,33
1,1,2,0,1,6,0.001509,2
1,1,2,0,1,10,0.004787,7
1,1,2,0,1,20,0.000434,3
1,1,2,0,1,30,0.000412,4
1,1,2,0,2,3,0.019392,18
1,1,2,0,2,6,0.002019,1
1,1,2,0,2,10,0.002508,7
1,1,2,0,2,20,0.000771,5
1,1,2,0,2,30,0.000156,4
1,1,2,0,3,3,0.031267,38
1,1,2,0,3,6,0.005078,9
1,1,2,0,3,10,0.003482,9
1,1,2,0,3,20,0.002001,5
1,1,2,0,3,30,0.000783,6
1,1,2,0,4,3,0.001803,1
1,1,2,0,4,6,0.011038,11
1,1,2,0,4,10,0.000353,3
1,1,2,0,4,20,0.000888,4
1,1,2,0,4,30,0.000326,7
1,1,2,1,0,3,0.041075,2659
1,1,2,1,0,6,0.040790,764
1,1,2,1,0,10,0.039852,736
1,1,2,1,0,20,0.040240,637
1,1,2,1,0,30,0.040159,660
1,1,2,1,1,3,0.041077,2294
1,1,2,1,1,6,0.040330,734
1,1,2,1,1,10,0.039957,721
1,1,2,1,1,20,0.039689,799
1,1,2,1,1,30,0.039746,676
1,1,2,1,2,3,0.041099,2501
1,1,2,1,2,6,0.040457,1107
1,1,2,1,2,10,0.040237,958
1,1,2,1,2,20,0.040333,955
1,1,2,1,2,30,0.039836,913
1,1,2,1,3,3,0.041094,2303
1,1,2,1,3,6,0.040369,1022
1,1,2,1,3,10,0.040011,976
1,1,2,1,3,20,0.040001,904
1,1,2,1,3,30,0.039947,909
1,1,2,1,4,3,0.041067,1691
1,1,2,1,4,6,0.038709,902
1,1,2,1,4,10,0.039127,749
1,1,2,1,4,20,0.037226,705
1,1,2,1,4,30,0.039409,757
1,1,2,2,0,3,0.041173,232563
1,1,2,2,0,6,0.041095,45032
1,1,2,2,0,10,0.040916,19251
1,1,2,2,0,20,0.040761,19027
1,1,2,2,0,30,0.040753,18915
1,1,2,2,1,3,0.041151,391576
1,1,2,2,1,6,0.041144,51744
1,1,2,2,1,10,0.040905,28634
1,1,2,2,1,20,0.040782,28107
1,1,2,2,1,30,0.040764,28097
1,1,2,2,2,3,0.040982,137930
1,1,2,2,2,6,0.041150,24539
1,1,2,2,2,10,0.040912,14744
1,1,2,2,2,20,0.040746,14261
1,1,2,2,2,30,0.040752,14190
1,1,2,2,3,3,0.041196,73638
1,1,2,2,3,6,0.041051,24160
1,1,2,2,3,10,0.040899,10081
1,1,2,2,3,20,0.040776,9807
1,1,2,2,3,30,0.040747,9741
1,1,2,2,4,3,0.041194,31530
1,1,2,2,4,6,0.040861,14976
1,1,2,2,4,10,0.040867,6244
1,1,2,2,4,20,0.040761,6205
1,1,2,2,4,30,0.040735,6145
1,1,3,0,0,3,0.014577,9
1,1,3,0,0,6,0.001246,1
1,1,3,0,0,10,0.000964,1
1,1,3,0,0,20,0.000000,0
1,1,3,0,0,30,0.000506,4
1,1,3,0,1,3,0.000000,0
1,1,3,0,1,6,0.001846,3
1,1,3,0,1,10,0.000291,1
1,1,3,0,1,20,0.000000,0
1,1,3,0,1,30,0.000088,1
1,1,3,0,2,3,0.001312,1
1,1,3,0,2,6,0.000262,2
1,1,3,0,2,10,0.005611,6
1,1,3,0,2,20,0.000000,0
1,1,3,0,2,30,0.000181,1
1,1,3,0,3,3,0.000000,0
1,1,3,0,3,6,0.010267,9
1,1,3,0,3,10,0.001245,2
1,1,3,0,3,20,0.000000,0
1,1,3,0,3,30,0.000181,2
1,1,3,0,4,3,0.000000,0
1,1,3,0,4,6,0.005037,4
1,1,3,0,4,10,0.000295,1
1,1,3,0,4,20,0.000000,0
1,1,3,0,4,30,0.000088,1
1,1,3,1,0,3,0.002039,1
1,1,3,1,0,6,0.001831,3
1,1,3,1,0,10,0.032128,51
1,1,3,1,0,20,0.001875,7
1,1,3,1,0,30,0.001838,10
1,1,3,1,1,3,0.011946,7
1,1,3,1,1,6,0.006449,4
1,1,3,1,1,10,0.038475,83
1,1,3,1,1,20,0.003496,15
1,1,3,1,1,30,0.001468,8
1,1,3,1,2,3,0.008266,6
1,1,3,1,2,6,0.002614,4
1,1,3,1,2,10,0.028894,34
1,1,3,1,2,20,0.000652,5
1,1,3,1,2,30,0.000437,4
1,1,3,1,3,3,0.000486,2
1,1,3,1,3,6,0.020802,21
1,1,3,1,3,10,0.003774,4
1,1,3,1,3,20,0.000001,1
1,1,3,1,3,30,0.000098,4
1,1,3,1,4,3,0.004764,3
1,1,3,1,4,6,0.014561,13
1,1,3,1,4,10,0.001767,1
1,1,3,1,4,20,0.000165,2
1,1,3,1,4,30,0.000255,4
1,1,3,2,0,3,0.015416,29
1,1,3,2,0,6,0.009839,20
1,1,3,2,0,10,0.011168,32
1,1,3,2,0,20,0.007533,19
1,1,3,2,0,30,0.004600,25
1,1,3,2,1,3,0.009606,17
1,1,3,2,1,6,0.006084,9
1,1,3,2,1,10,0.015165,21
1,1,3,2,1,20,0.009488,25
1,1,3,2,1,30,0.003832,13
1,1,3,2,2,3,0.015301,25
1,1,3,2,2,6,0.010909,17
1,1,3,2,2,10,0.004297,5
1,1,3,2,2,20,0.003296,9
1,1,3,2,2,30,0.003248,14
1,1,3,2,3,3,0.019508,35
1,1,3,2,3,6,0.006403,14
1,1,3,2,3,10,0.007503,14
1,1,3,2,3,20,0.002976,8
1,1,3,2,3,30,0.005940,15
1,1,3,2,4,3,0.008645,16
1,1,3,2,4,6,0.004722,11
1,1,3,2,4,10,0.005802,14
1,1,3,2,4,20,0.005069,13
1,1,3,2,4,30,0.003617,19
1,2,2,0,0,3,0.000000,0
1,2,2,0,0,6,0.005933,5
1,2,2,0,0,10,0.000000,0
1,2,2,0,0,20,0.000000,0
1,2,2,0,0,30,0.000000,0
1,2,2,0,1,3,0.000000,0
1,2,2,0,1,6,0.000212,1
1,2,2,0,1,10,0.000000,0
1,2,2,0,1,20,0.000000,0
1,2,2,0,1,30,0.000607,3
1,2,2,0,2,3,0.000000,0
1,2,2,0,2,6,0.001404,1
1,2,2,0,2,10,0.000000,0
1,2,2,0,2,20,0.000000,0
1,2,2,0,2,30,0.000000,0
1,2,2,0,3,3,0.000000,0
1,2,2,0,3,6,0.000000,0
1,2,2,0,3,10,0.000435,2
1,2,2,0,3,20,-0.000000,1
1,2,2,0,3,30,0.000000,0
1,2,2,1,0,3,0.001524,1
1,2,2,1,0,6,0.002119,2
1,2,2,1,0,10,0.000000,0
1,2,2,1,0,20,0.006417,8
1,2,2,1,0,30,0.000000,0
1,2,2,1,1,3,0.009060,9
1,2,2,1,1,6,0.000312,2
1,2,2,1,1,10,0.000146,1
1,2,2,1,1,20,0.001672,1
1,2,2,1,1,30,0.002673,3
1,2,2,1,2,3,0.015923,13
1,2,2,1,2,6,0.001687,1
1,2,2,1,2,10,0.001281,3
1,2,2,1,2,20,0.000000,0
1,2,2,1,2,30,0.000000,0
1,2,2,1,3,3,0.000040,2
1,2,2,1,3,6,0.000506,2
1,2,2,1,3,10,0.002030,2
1,2,2,1,3,20,0.013367,20
1,2,2,1,3,30,0.002008,2
1,2,2,1,4,3,0.000000,0
1,2,2,1,4,6,0.000216,2
1,2,2,1,4,10,0.000000,0
1,2,2,1,4,20,0.002010,2
1,2,2,1,4,30,0.008824,10
1,2,2,2,0,3,0.011805,13
1,2,2,2,0,6,0.004590,9
1,2,2,2,0,10,0.005578,5
1,2,2,2,0,20,0.005022,6
1,2,2,2,0,30,0.030357,78
1,2,2,2,1,3,0.034756,88
1,2,2,2,1,6,0.003323,7
1,2,2,2,1,10,0.010443,11
1,2,2,2,1,20,0.006570,5
1,2,2,2,1,30,0.008067,11
1,2,2,2,2,3,0.006460,5
1,2,2,2,2,6,0.004174,6
1,2,2,2,2,10,0.001834,1
1,2,2,2,2,20,0.006960,10
1,2,2,2,2,30,0.030121,71
1,2,2,2,3,3,0.035593,122
1,2,2,2,3,6,0.005655,9
1,2,2,2,3,10,0.008128,9
1,2,2,2,3,20,0.006141,7
1,2,2,2,3,30,0.004524,8
1,2,2,2,4,3,0.005543,9
1,2,2,2,4,6,0.007630,5
1,2,2,2,4,10,0.005408,7
1,2,2,2,4,20,0.032897,98
1,2,2,2,4,30,0.009085,9
1,2,3,0,0,3,0.000000,0
1,2,3,0,0,6,0.001395,1
1,2,3,0,0,10,0.000000,0
1,2,3,0,0,20,0.000000,0
1,2,3,0,0,30,0.000000,0
1,2,3,0,1,3,0.000000,0
1,2,3,0,1,6,0.000000,0
1,2,3,0,1,10,0.000000,0
1,2,3,0,1,20,0.000000,1
1,2,3,0,1,30,0.000000,0
1,2,3,0,2,3,0.000000,0
1,2,3,0,2,6,0.000216,2
1,2,3,0,2,10,0.000000,0
1,2,3,0,2,20,-0.000000,1
1,2,3,0,2,30,0.000000,0
1,2,3,0,3,3,0.000000,0
1,2,3,0,3,6,0.002056,1
1,2,3,0,3,10,0.000000,0
1,2,3,0,3,20,0.000000,0
1,2,3,0,3,30,0.000000,0
1,2,3,0,4,3,0.000000,0
1,2,3,0,4,6,0.000216,2
1,2,3,0,4,10,0.000000,0
1,2,3,0,4,20,0.000000,0
1,2,3,0,4,30,0.000000,0
1,2,3,1,0,3,0.003823,6
1,2,3,1,0,6,0.000000,0
1,2,3,1,0,10,0.000000,0
1,2,3,1,0,20,0.000000,0
1,2,3,1,0,30,0.000000,0
1,2,3,1,1,3,0.007446,7
1,2,3,1,1,6,0.000095,1
1,2,3,1,1,10,0.001625,3
1,2,3,1,1,20,0.000000,1
1,2,3,1,1,30,0.000419,1
1,2,3,1,2,3,0.000046,1
1,2,3,1,2,6,0.008397,7
1,2,3,1,2,10,0.000218,1
1,2,3,1,2,20,0.000114,1
1,2,3,1,2,30,0.000335,1
1,2,3,1,3,3,0.000000,0
1,2,3,1,3,6,0.000000,0
1,2,3,1,3,10,0.000000,0
1,2,3,1,3,20,0.000000,0
1,2,3,1,3,30,0.000316,4
1,2,3,1,4,3,0.000000,0
1,2,3,1,4,6,0.000093,1
1,2,3,1,4,10,0.000000,0
1,2,3,1,4,20,0.000000,0
1,2,3,1,4,30,0.000000,0
1,2,3,2,0,3,0.000115,1
1,2,3,2,0,6,0.000000,0
1,2,3,2,0,10,0.000000,0
1,2,3,2,0,20,0.000000,0
1,2,3,2,0,30,0.000428,1
1,2,3,2,1,3,0.000000,0
1,2,3,2,1,6,0.000023,1
1,2,3,2,1,10,0.000000,0
1,2,3,2,1,20,0.000000,0
1,2,3,2,1,30,0.000000,0
1,2,3,2,2,3,0.000000,0
1,2,3,2,2,6,0.000000,0
1,2,3,2,2,10,0.000000,0
1,2,3,2,2,20,0.000670,1
1,2,3,2,2,30,0.000000,0
1,2,3,2,4,3,0.000000,0
1,2,3,2,4,6,0.000015,1
1,2,3,2,4,10,0.000000,0
1,2,3,2,4,20,0.000000,0
1,2,3,2,4,30,0.000000,0
2,0,0,0,1,3,0.040616,1075
2,0,0,0,1,6,0.026720,83
2,0,0,0,1,10,0.022450,100
2,0,0,0,1,20,0.022253,97
2,0,0,0,1,30,0.021227,107
2,0,0,0,3,3,0.031142,42
2,0,0,0,3,6,0.000770,3
2,0,0,0,3,10,0.000538,2
2,0,0,0,3,20,0.001230,5
2,0,0,0,3,30,0.000991,7
2,0,0,0,4,3,0.027507,49
2,0,0,0,4,6,0.005859,12
2,0,0,0,4,10,0.003132,15
2,0,0,0,4,20,0.001409,9
2,0,0,0,4,30,0.000286,8
2,0,2,0,0,3,0.040783,774
2,0,2,0,0,6,0.028417,62
2,0,2,0,0,10,0.013222,31
2,0,2,0,0,20,0.019190,44
2,0,2,0,0,30,0.016858,58
2,0,2,0,1,3,0.038272,92
2,0,2,0,1,6,0.006291,11
2,0,2,0,1,10,0.005278,14
2,0,2,0,1,20,0.004707,15
2,0,2,0,1,30,0.006731,21
2,0,2,0,2,3,0.037332,104
2,0,2,0,2,6,0.004091,16
2,0,2,0,2,10,0.004207,21
2,0,2,0,2,20,0.004043,16
2,0,2,0,2,30,0.001640,12
2,0,2,0,3,3,0.034689,77
2,0,2,0,3,6,0.004305,16
2,0,2,0,3,10,0.002798,14
2,0,2,0,3,20,0.004679,15
2,0,2,0,3,30,0.001905,10
2,0,2,0,4,3,0.025518,65
2,0,2,0,4,6,0.005877,9
2,0,2,0,4,10,0.003918,11
2,0,2,0,4,20,0.002379,12
2,0,2,0,4,30,0.003850,14
2,0,2,1,0,3,0.040856,1194
2,0,2,1,0,6,0.038687,132
2,0,2,1,0,10,0.033304,114
2,0,2,1,0,20,0.037322,106
2,0,2,1,0,30,0.036987,130
2,0,2,1,1,3,0.029034,103
2,0,2,1,1,6,0.025055,77
2,0,2,1,1,10,0.024900,77
2,0,2,1,1,20,0.040469,576
2,0,2,1,1,30,0.029560,81
2,0,2,1,2,3,0.040704,249
2,0,2,1,2,6,0.024917,77
2,0,2,1,2,10,0.017193,77
2,0,2,1,2,20,0.024371,84
2,0,2,1,2,30,0.021535,77
2,0,2,1,3,3,0.040891,385
2,0,2,1,3,6,0.029344,111
2,0,2,1,3,10,0.026910,105
2,0,2,1,3,20,0.029143,85
2,0,2,1,3,30,0.027251,101
2,0,2,1,4,3,0.040887,216
2,0,2,1,4,6,0.020541,78
2,0,2,1,4,10,0.018069,73
2,0,2,1,4,20,0.026745,95
2,0,2,1,4,30,0.026795,126
2,0,2,2,0,3,0.041049,2051
2,0,2,2,0,6,0.041203,11130
2,0,2,2,0,10,0.041004,890
2,0,2,2,0,20,0.040751,961
2,0,2,2,0,30,0.040681,940
2,0,2,2,1,3,0.041064,2718
2,0,2,2,1,6,0.041174,12423
2,0,2,2,1,10,0.040995,862
2,0,2,2,1,20,0.040737,852
2,0,2,2,1,30,0.040681,856
2,0,2,2,2,3,0.040994,1346
2,0,2,2,2,6,0.041145,2533
2,0,2,2,2,10,0.040965,342
2,0,2,2,2,20,0.040703,326
2,0,2,2,2,30,0.040621,350
2,0,2,2,3,3,0.041007,1290
2,0,2,2,3,6,0.041166,963
2,0,2,2,3,10,0.040885,264
2,0,2,2,3,20,0.040643,249
2,0,2,2,3,30,0.040595,279
2,0,2,2,4,3,0.041077,1474
2,0,2,2,4,6,0.040963,236
2,0,2,2,4,10,0.040831,258
2,0,2,2,4,20,0.040455,235
2,0,2,2,4,30,0.040506,256
2,0,3,0,0,3,0.004863,6
2,0,3,0,0,6,0.031240,122
2,0,3,0,0,10,0.000579,8
2,0,3,0,0,20,0.001086,9
2,0,3,0,0,30,0.001432,10
2,0,3,0,1,3,0.019262,19
2,0,3,0,1,6,0.000067,1
2,0,3,0,1,10,0.001455,2
2,0,3,0,1,20,0.000634,6
2,0,3,0,1,30,0.000397,5
2,0,3,0,2,3,0.008394,6
2,0,3,0,2,6,0.000065,2
2,0,3,0,2,10,0.000000,0
2,0,3,0,2,20,0.000000,0
2,0,3,0,2,30,0.000286,5
2,0,3,0,3,3,0.000000,0
2,0,3,0,3,6,0.006580,4
2,0,3,0,3,10,0.000023,1
2,0,3,0,3,20,0.000000,0
2,0,3,0,3,30,0.000000,0
2,0,3,0,4,3,0.001240,2
2,0,3,0,4,6,0.000000,0
2,0,3,0,4,10,0.000000,0
2,0,3,0,4,20,0.000135,3
2,0,3,0,4,30,0.000000,2
2,0,3,1,0,3,0.002893,3
2,0,3,1,0,6,0.032808,63
2,0,3,1,0,10,0.000866,5
2,0,3,1,0,20,0.003913,6
2,0,3,1,0,30,0.000942,4
2,0,3,1,1,3,0.000230,2
2,0,3,1,1,6,0.005117,7
2,0,3,1,1,10,0.035111,49
2,0,3,1,1,20,0.000521,3
2,0,3,1,1,30,0.000130,2
2,0,3,1,2,3,0.012357,10
2,0,3,1,2,6,0.003055,3
2,0,3,1,2,10,0.001851,1
2,0,3,1,2,20,0.000000,0
2,0,3,1,2,30,0.000301,4
2,0,3,1,3,3,0.000134,1
2,0,3,1,3,6,0.012317,12
2,0,3,1,3,10,0.000000,0
2,0,3,1,3,20,0.000298,2
2,0,3,1,3,30,0.000000,0
2,0,3,1,4,3,0.000000,0
2,0,3,1,4,6,0.005811,3
2,0,3,1,4,10,0.000000,0
2,0,3,1,4,20,0.000000,0
2,0,3,1,4,30,0.000000,0
2,0,3,2,1,3,0.000000,0
2,0,3,2,1,6,0.000763,1
2,0,3,2,1,10,0.000000,0
2,0,3,2,1,20,0.000000,0
2,0,3,2,1,30,0.000000,0
2,0,3,2,4,3,0.000000,0
2,0,3,2,4,6,0.000024,1
2,0,3,2,4,10,0.000000,0
2,0,3,2,4,20,0.000000,0
2,0,3,2,4,30,0.000284,1
2,1,0,0,3,3,0.000199,1
2,1,0,0,3,6,0.000000,0
2,1,0,0,3,10,0.000879,3
2,1,0,0,3,20,0.000000,0
2,1,0,0,3,30,0.000000,0
2,1,0,0,4,3,0.000000,0
2,1,0,0,4,6,0.000000,0
2,1,0,0,4,10,0.000000,0
2,1,0,0,4,20,-0.000000,1
2,1,0,0,4,30,-0.000000,2
2,1,2,0,0,3,0.008874,5
2,1,2,0,0,6,0.034507,50
2,1,2,0,0,10,0.002721,7
2,1,2,0,0,20,0.000073,2
2,1,2,0,0,30,0.002876,6
2,1,2,0,1,3,0.030342,33
2,1,2,0,1,6,0.003588,2
2,1,2,0,1,10,0.003403,5
2,1,2,0,1,20,0.001548,3
2,1,2,0,1,30,0.001239,6
2,1,2,0,2,3,0.008014,10
2,1,2,0,2,6,0.020780,21
2,1,2,0,2,10,0.004354,8
2,1,2,0,2,20,0.001753,7
2,1,2,0,2,30,0.002677,11
2,1,2,0,3,3,0.036142,52
2,1,2,0,3,6,0.007506,14
2,1,2,0,3,10,0.002394,3
2,1,2,0,3,20,0.003395,8
2,1,2,0,3,30,0.001455,6
2,1,2,0,4,3,0.007965,8
2,1,2,0,4,6,0.021370,26
2,1,2,0,4,10,0.002362,6
2,1,2,0,4,20,0.000942,6
2,1,2,0,4,30,0.001277,9
2,1,2,1,0,3,0.040880,2728
2,1,2,1,0,6,0.041092,2193
2,1,2,1,0,10,0.040515,1002
2,1,2,1,0,20,0.040075,1041
2,1,2,1,0,30,0.040011,1016
2,1,2,1,1,3,0.040786,1417
2,1,2,1,1,6,0.041026,2706
2,1,2,1,1,10,0.040640,1079
2,1,2,1,1,20,0.039775,1022
2,1,2,1,1,30,0.039980,1005
2,1,2,1,2,3,0.041010,3370
2,1,2,1,2,6,0.040838,1355
2,1,2,1,2,10,0.040411,1229
2,1,2,1,2,20,0.039859,1281
2,1,2,1,2,30,0.039705,1249
2,1,2,1,3,3,0.040974,2821
2,1,2,1,3,6,0.038347,1956
2,1,2,1,3,10,0.039319,1544
2,1,2,1,3,20,0.039169,1420
2,1,2,1,3,30,0.038783,1409
2,1,2,1,4,3,0.039648,2381
2,1,2,1,4,6,0.041081,1496
2,1,2,1,4,10,0.038971,1317
2,1,2,1,4,20,0.039585,1278
2,1,2,1,4,30,0.039578,1177
2,1,2,2,0,3,0.041082,37949
2,1,2,2,0,6,0.041171,371147
2,1,2,2,0,10,0.040994,30709
2,1,2,2,0,20,0.040775,28267
2,1,2,2,0,30,0.040667,28220
2,1,2,2,1,3,0.041101,82380
2,1,2,2,1,6,0.041122,539244
2,1,2,2,1,10,0.041020,41952
2,1,2,2,1,20,0.040776,39524
2,1,2,2,1,30,0.040681,39242
2,1,2,2,2,3,0.040918,36962
2,1,2,2,2,6,0.041167,183216
2,1,2,2,2,10,0.040913,21745
2,1,2,2,2,20,0.040727,19718
2,1,2,2,2,30,0.040672,19304
2,1,2,2,3,3,0.041050,36394
2,1,2,2,3,6,0.041186,113654
2,1,2,2,3,10,0.040970,17104
2,1,2,2,3,20,0.040752,14861
2,1,2,2,3,30,0.040693,14662
2,1,2,2,4,3,0.041092,25022
2,1,2,2,4,6,0.040840,49248
2,1,2,2,4,10,0.040939,11288
2,1,2,2,4,20,0.040722,9695
2,1,2,2,4,30,0.040649,9639
2,1,3,0,0,3,0.002039,1
2,1,3,0,0,6,0.024398,19
2,1,3,0,0,10,0.000143,1
2,1,3,0,0,20,0.000289,4
2,1,3,0,0,30,0.000000,1
2,1,3,0,1,3,0.000000,0
2,1,3,0,1,6,0.001923,2
2,1,3,0,1,10,0.011194,9
2,1,3,0,1,20,0.000000,0
2,1,3,0,1,30,0.000121,1
2,1,3,0,2,3,0.011454,7
2,1,3,0,2,6,0.001713,4
2,1,3,0,2,10,0.000000,0
2,1,3,0,2,20,0.000000,0
2,1,3,0,2,30,0.001295,2
2,1,3,0,3,3,0.000000,0
2,1,3,0,3,6,0.000013,1
2,1,3,0,3,10,0.004343,5
2,1,3,0,3,20,0.000089,1
2,1,3,0,3,30,0.000282,2
2,1,3,0,4,3,0.015272,17
2,1,3,0,4,6,0.000000,0
2,1,3,0,4,10,0.000000,0
2,1,3,0,4,20,0.000171,3
2,1,3,0,4,30,0.000047,1
2,1,3,1,0,3,0.006930,11
2,1,3,1,0,6,0.005563,6
2,1,3,1,0,10,0.034062,85
2,1,3,1,0,20,0.005360,14
2,1,3,1,0,30,0.001979,6
2,1,3,1,1,3,0.015182,12
2,1,3,1,1,6,0.010482,8
2,1,3,1,1,10,0.037485,122
2,1,3,1,1,20,0.003028,5
2,1,3,1,1,30,0.002216,11
2,1,3,1,2,3,0.002055,1
2,1,3,1,2,6,0.032905,39
2,1,3,1,2,10,0.004786,5
2,1,3,1,2,20,0.003786,4
2,1,3,1,2,30,0.000338,4
2,1,3,1,3,3,0.030825,47
2,1,3,1,3,6,0.006091,6
2,1,3,1,3,10,0.002877,2
2,1,3,1,3,20,0.001614,9
2,1,3,1,3,30,0.001384,5
2,1,3,1,4,3,0.004535,4
2,1,3,1,4,6,0.005942,6
2,1,3,1,4,10,0.016916,17
2,1,3,1,4,20,0.000778,3
2,1,3,1,4,30,0.000677,6
2,1,3,2,0,3,0.028555,62
2,1,3,2,0,6,0.013917,24
2,1,3,2,0,10,0.011557,28
2,1,3,2,0,20,0.009289,27
2,1,3,2,0,30,0.010107,36
2,1,3,2,1,3,0.021023,50
2,1,3,2,1,6,0.013661,24
2,1,3,2,1,10,0.004575,14
2,1,3,2,1,20,0.009813,30
2,1,3,2,1,30,0.006087,25
2,1,3,2,2,3,0.009807,15
2,1,3,2,2,6,0.013835,34
2,1,3,2,2,10,0.004724,11
2,1,3,2,2,20,0.007273,18
2,1,3,2,2,30,0.004521,18
2,1,3,2,3,3,0.024560,50
2,1,3,2,3,6,0.012291,26
2,1,3,2,3,10,0.008353,17
2,1,3,2,3,20,0.009444,28
2,1,3,2,3,30,0.007352,28
2,1,3,2,4,3,0.020344,44
2,1,3,2,4,6,0.012939,25
2,1,3,2,4,10,0.009553,19
2,1,3,2,4,20,0.009530,26
2,1,3,2,4,30,0.003264,11
2,2,2,0,0,3,0.014336,11
2,2,2,0,0,6,0.000000,0
2,2,2,0,0,10,0.000561,1
2,2,2,0,0,20,0.000263,1
2,2,2,0,0,30,0.000000,0
2,2,2,0,1,3,0.005812,3
2,2,2,0,1,6,0.000000,0
2,2,2,0,1,10,0.000000,0
2,2,2,0,1,20,0.000000,0
2,2,2,0,1,30,0.000086,1
2,2,2,0,3,3,0.000000,0
2,2,2,0,3,6,0.001066,1
2,2,2,0,3,10,0.000000,0
2,2,2,0,3,20,0.000000,0
2,2,2,0,3,30,0.000000,0
2,2,2,0,4,3,0.000000,0
2,2,2,0,4,6,0.000066,3
2,2,2,0,4,10,0.000000,0
2,2,2,0,4,20,0.000000,0
2,2,2,0,4,30,0.000000,2
2,2,2,1,0,3,0.000294,1
2,2,2,1,0,6,0.002051,1
2,2,2,1,0,10,0.000000,0
2,2,2,1,0,20,0.000367,1
2,2,2,1,0,30,0.013380,16
2,2,2,1,1,3,0.010019,15
2,2,2,1,1,6,0.001900,1
2,2,2,1,1,10,0.000561,1
2,2,2,1,1,20,0.000092,1
2,2,2,1,1,30,0.002095,3
2,2,2,1,2,3,0.000000,0
2,2,2,1,2,6,0.000422,2
2,2,2,1,2,10,0.000705,2
2,2,2,1,2,20,0.000000,0
2,2,2,1,2,30,0.013775,16
2,2,2,1,3,3,0.000000,0
2,2,2,1,3,6,0.015172,17
2,2,2,1,3,10,0.001866,3
2,2,2,1,3,20,0.000184,2
2,2,2,1,3,30,0.000060,1
2,2,2,1,4,3,0.014071,16
2,2,2,1,4,6,0.000373,1
2,2,2,1,4,10,0.001549,4
2,2,2,1,4,20,0.000000,0
2,2,2,1,4,30,0.002016,1
2,2,2,2,0,3,0.005607,6
2,2,2,2,0,6,0.003455,6
2,2,2,2,0,10,0.007681,15
2,2,2,2,0,20,0.003911,4
2,2,2,2,0,30,0.036075,100
2,2,2,2,1,3,0.012269,18
2,2,2,2,1,6,0.014820,20
2,2,2,2,1,10,0.007919,18
2,2,2,2,1,20,0.009272,8
2,2,2,2,1,30,0.036057,136
2,2,2,2,2,3,0.005978,13
2,2,2,2,2,6,0.001629,6
2,2,2,2,2,10,0.001111,5
2,2,2,2,2,20,0.034943,115
2,2,2,2,2,30,0.008904,16
2,2,2,2,3,3,0.015422,20
2,2,2,2,3,6,0.013540,14
2,2,2,2,3,10,0.011405,17
2,2,2,2,3,20,0.012929,15
2,2,2,2,3,30,0.036273,178
2,2,2,2,4,3,0.003348,7
2,2,2,2,4,6,0.007450,8
2,2,2,2,4,10,0.006244,10
2,2,2,2,4,20,0.035656,122
2,2,2,2,4,30,0.014723,18
2,2,3,0,0,3,0.000000,0
2,2,3,0,0,6,0.002044,1
2,2,3,0,0,10,0.000000,0
2,2,3,0,0,20,0.000000,0
2,2,3,0,0,30,0.000000,0
2,2,3,0,3,3,0.000000,0
2,2,3,0,3,6,0.005974,5
2,2,3,0,3,10,0.000000,0
2,2,3,0,3,20,0.000000,0
2,2,3,0,3,30,0.000000,0
2,2,3,0,4,3,0.000000,0
2,2,3,0,4,6,0.001765,1
2,2,3,0,4,10,0.000000,0
2,2,3,0,4,20,0.000000,0
2,2,3,0,4,30,0.000000,0
2,2,3,1,0,3,0.000051,1
2,2,3,1,0,6,0.000112,1
2,2,3,1,0,10,0.006304,13
2,2,3,1,0,20,0.001423,5
2,2,3,1,0,30,0.000000,0
2,2,3,1,1,3,0.000460,3
2,2,3,1,1,6,0.005129,4
2,2,3,1,1,10,0.000000,0
2,2,3,1,1,20,0.000075,1
2,2,3,1,1,30,0.000000,1
2,2,3,1,2,3,0.000303,1
2,2,3,1,2,6,0.000000,0
2,2,3,1,2,10,0.000000,0
2,2,3,1,2,20,0.001863,4
2,2,3,1,2,30,0.000000,0
2,2,3,1,3,3,0.000000,0
2,2,3,1,3,6,0.000000,0
2,2,3,1,3,10,0.004041,8
2,2,3,1,3,20,0.000000,0
2,2,3,1,3,30,0.000000,0
2,2,3,1,4,3,0.000000,0
2,2,3,1,4,6,0.004072,3
2,2,3,1,4,10,0.000000,0
2,2,3,1,4,20,0.000000,0
2,2,3,1,4,30,0.000000,0
2,2,3,2,0,3,0.000433,1
2,2,3,2,0,6,0.000000,0
2,2,3,2,0,10,0.000000,0
2,2,3,2,0,20,0.001114,1
2,2,3,2,0,30,0.000000,0
2,2,3,2,1,3,0.000000,0
2,2,3,2,1,6,0.002863,3
2,2,3,2,1,10,0.000000,0
2,2,3,2,1,20,0.000000,0
2,2,3,2,1,30,0.000000,0
2,2,3,2,2,3,0.000000,0
2,2,3,2,2,6,0.000000,0
2,2,3,2,2,10,0.000087,2
2,2,3,2,2,20,0.000000,0
2,2,3,2,2,30,0.000000,0
2,2,3,2,3,3,0.000000,0
2,2,3,2,3,6,0.002061,1
2,2,3,2,3,10,0.000000,0
2,2,3,2,3,20,0.000000,0
2,2,3,2,3,30,0.000000,0
2,2,3,2,4,3,0.000000,0
2,2,3,2,4,6,0.000000,0
2,2,3,2,4,10,0.000092,1
2,2,3,2,4,20,0.000000,0
2,2,3,2,4,30,0.000000,0
3,0,0,0,1,3,0.035720,1040
3,0,0,0,1,6,0.021879,80
3,0,0,0,1,10,0.022331,104
3,0,0,0,1,20,0.024321,95
3,0,0,0,1,30,0.011759,92
3,0,0,0,3,3,0.020073,42
3,0,0,0,3,6,0.002449,5
3,0,0,0,3,10,0.002835,8
3,0,0,0,3,20,0.002979,13
3,0,0,0,3,30,0.000121,3
3,0,0,0,4,3,0.002069,12
3,0,0,0,4,6,0.002046,9
3,0,0,0,4,10,0.002219,15
3,0,0,0,4,20,0.024764,64
3,0,0,0,4,30,0.001551,10
3,0,2,0,0,3,0.027653,59
3,0,2,0,0,6,0.037719,963
3,0,2,0,0,10,0.022946,56
3,0,2,0,0,20,0.024236,64
3,0,2,0,0,30,0.017076,60
3,0,2,0,1,3,0.037336,110
3,0,2,0,1,6,0.012073,20
3,0,2,0,1,10,0.001260,16
3,0,2,0,1,20,0.006875,21
3,0,2,0,1,30,0.005126,24
3,0,2,0,2,3,0.030838,94
3,0,2,0,2,6,0.003118,13
3,0,2,0,2,10,0.007236,15
3,0,2,0,2,20,0.004352,19
3,0,2,0,2,30,0.003142,11
3,0,2,0,3,3,0.034810,108
3,0,2,0,3,6,0.004951,17
3,0,2,0,3,10,0.003495,12
3,0,2,0,3,20,0.003089,17
3,0,2,0,3,30,0.006586,22
3,0,2,0,4,3,0.025369,105
3,0,2,0,4,6,0.002529,9
3,0,2,0,4,10,0.004501,15
3,0,2,0,4,20,0.005166,18
3,0,2,0,4,30,0.002535,12
3,0,2,1,0,3,0.039684,1242
3,0,2,1,0,6,0.040780,455
3,0,2,1,0,10,0.035336,138
3,0,2,1,0,20,0.039327,148
3,0,2,1,0,30,0.038614,167
3,0,2,1,1,3,0.034957,85
3,0,2,1,1,6,0.033985,79
3,0,2,1,1,10,0.033583,99
3,0,2,1,1,20,0.034649,92
3,0,2,1,1,30,0.040202,607
3,0,2,1,2,3,0.030222,85
3,0,2,1,2,6,0.023040,71
3,0,2,1,2,10,0.024772,79
3,0,2,1,2,20,0.039932,238
3,0,2,1,2,30,0.030843,78
3,0,2,1,3,3,0.034791,128
3,0,2,1,3,6,0.029593,104
3,0,2,1,3,10,0.025590,103
3,0,2,1,3,20,0.030118,109
3,0,2,1,3,30,0.040063,521
3,0,2,1,4,3,0.040517,503
3,0,2,1,4,6,0.028402,127
3,0,2,1,4,10,0.026677,100
3,0,2,1,4,20,0.033751,132
3,0,2,1,4,30,0.031606,97
3,0,2,2,0,3,0.040826,1220
3,0,2,2,0,6,0.041022,12981
3,0,2,2,0,10,0.040907,3200
3,0,2,2,0,20,0.040828,1175
3,0,2,2,0,30,0.040527,1324
3,0,2,2,1,3,0.040787,977
3,0,2,2,1,6,0.041016,10129
3,0,2,2,1,10,0.040892,5804
3,0,2,2,1,20,0.040834,956
3,0,2,2,1,30,0.040542,1270
3,0,2,2,2,3,0.040793,297
3,0,2,2,2,6,0.040870,812
3,0,2,2,2,10,0.040964,2207
3,0,2,2,2,20,0.040761,1137
3,0,2,2,2,30,0.040518,349
3,0,2,2,3,3,0.040841,350
3,0,2,2,3,6,0.041058,1901
3,0,2,2,3,10,0.040878,511
3,0,2,2,3,20,0.040709,380
3,0,2,2,3,30,0.040514,874
3,0,2,2,4,3,0.040756,314
3,0,2,2,4,6,0.040956,1990
3,0,2,2,4,10,0.040852,327
3,0,2,2,4,20,0.040809,369
3,0,2,2,4,30,0.040493,573
3,0,3,0,0,3,0.005415,8
3,0,3,0,0,6,0.032166,150
3,0,3,0,0,10,0.001848,11
3,0,3,0,0,20,0.004288,14
3,0,3,0,0,30,0.001896,11
3,0,3,0,1,3,0.022024,24
3,0,3,0,1,6,0.000136,2
3,0,3,0,1,10,0.003696,3
3,0,3,0,1,20,0.001166,6
3,0,3,0,1,30,0.000220,1
3,0,3,0,2,3,0.001349,2
3,0,3,0,2,6,0.000000,0
3,0,3,0,2,10,0.005201,12
3,0,3,0,2,20,0.000000,0
3,0,3,0,2,30,-0.000000,1
3,0,3,0,3,3,0.005313,5
3,0,3,0,3,6,0.000000,0
3,0,3,0,3,10,0.000008,1
3,0,3,0,3,20,0.000012,1
3,0,3,0,3,30,0.000000,1
3,0,3,0,4,3,0.000000,0
3,0,3,0,4,6,0.000318,3
3,0,3,0,4,10,0.006183,6
3,0,3,0,4,20,0.001665,1
3,0,3,0,4,30,0.000062,1
3,0,3,1,0,3,0.005314,10
3,0,3,1,0,6,0.000440,2
3,0,3,1,0,10,0.028085,71
3,0,3,1,0,20,0.001585,3
3,0,3,1,0,30,0.002977,10
3,0,3,1,1,3,0.005794,5
3,0,3,1,1,6,0.002758,4
3,0,3,1,1,10,0.004316,3
3,0,3,1,1,20,0.033275,62
3,0,3,1,1,30,0.001405,6
3,0,3,1,2,3,0.000000,0
3,0,3,1,2,6,0.000000,0
3,0,3,1,2,10,0.000000,0
3,0,3,1,2,20,0.000471,2
3,0,3,1,2,30,0.004845,10
3,0,3,1,3,3,0.000045,1
3,0,3,1,3,6,0.011752,10
3,0,3,1,3,10,0.000000,0
3,0,3,1,3,20,0.003773,3
3,0,3,1,3,30,0.000000,0
3,0,3,1,4,3,0.000118,1
3,0,3,1,4,6,0.000039,1
3,0,3,1,4,10,0.014048,13
3,0,3,1,4,20,0.002007,1
3,0,3,1,4,30,0.000002,2
3,0,3,2,1,3,0.000000,0
3,0,3,2,1,6,0.002062,2
3,0,3,2,1,10,0.000000,0
3,0,3,2,1,20,0.000000,0
3,0,3,2,1,30,0.000000,0
3,1,0,0,3,3,0.000849,3
3,1,0,0,3,6,0.000000,0
3,1,0,0,3,10,0.000000,0
3,1,0,0,3,20,0.000000,0
3,1,0,0,3,30,0.000000,0
3,1,0,0,4,3,0.000000,0
3,1,0,0,4,6,0.001180,4
3,1,0,0,4,10,0.000299,1
3,1,0,0,4,20,0.000553,1
3,1,0,0,4,30,0.000000,0
3,1,2,0,0,3,0.033477,46
3,1,2,0,0,6,0.013579,10
3,1,2,0,0,10,0.004756,4
3,1,2,0,0,20,0.007289,7
3,1,2,0,0,30,0.005052,7
3,1,2,0,1,3,0.032377,34
3,1,2,0,1,6,0.001741,3
3,1,2,0,1,10,0.007999,9
3,1,2,0,1,20,0.004716,6
3,1,2,0,1,30,0.001923,4
3,1,2,0,2,3,0.007538,11
3,1,2,0,2,6,0.022382,30
3,1,2,0,2,10,0.009966,9
3,1,2,0,2,20,0.003345,4
3,1,2,0,2,30,0.003401,9
3,1,2,0,3,3,0.037181,91
3,1,2,0,3,6,0.008406,11
3,1,2,0,3,10,0.003388,5
3,1,2,0,3,20,0.006276,9
3,1,2,0,3,30,0.006578,14
3,1,2,0,4,3,0.006487,8
3,1,2,0,4,6,0.027069,47
3,1,2,0,4,10,0.004833,10
3,1,2,0,4,20,0.004335,11
3,1,2,0,4,30,0.002045,11
3,1,2,1,0,3,0.039914,2127
3,1,2,1,0,6,0.039835,2253
3,1,2,1,0,10,0.040294,1799
3,1,2,1,0,20,0.040000,2102
3,1,2,1,0,30,0.040351,1785
3,1,2,1,1,3,0.040084,1663
3,1,2,1,1,6,0.040229,1338
3,1,2,1,1,10,0.040770,2489
3,1,2,1,1,20,0.040255,1201
3,1,2,1,1,30,0.040188,1049
3,1,2,1,2,3,0.039795,1764
3,1,2,1,2,6,0.039840,1716
3,1,2,1,2,10,0.040878,2126
3,1,2,1,2,20,0.039717,1494
3,1,2,1,2,30,0.039038,1417
3,1,2,1,3,3,0.038258,2392
3,1,2,1,3,6,0.040599,2680
3,1,2,1,3,10,0.039722,2550
3,1,2,1,3,20,0.039642,2303
3,1,2,1,3,30,0.039056,2129
3,1,2,1,4,3,0.039761,2649
3,1,2,1,4,6,0.039790,2392
3,1,2,1,4,10,0.040769,2681
3,1,2,1,4,20,0.039113,2368
3,1,2,1,4,30,0.040100,1838
3,1,2,2,0,3,0.040831,37798
3,1,2,2,0,6,0.041019,401099
3,1,2,2,0,10,0.040966,108109
3,1,2,2,0,20,0.040922,39728
3,1,2,2,0,30,0.040512,35811
3,1,2,2,1,3,0.040866,45094
3,1,2,2,1,6,0.041006,406013
3,1,2,2,1,10,0.040955,250987
3,1,2,2,1,20,0.040910,46258
3,1,2,2,1,30,0.040534,41968
3,1,2,2,2,3,0.040707,20479
3,1,2,2,2,6,0.040964,73931
3,1,2,2,2,10,0.040606,139810
3,1,2,2,2,20,0.040749,20294
3,1,2,2,2,30,0.040513,19162
3,1,2,2,3,3,0.040769,25078
3,1,2,2,3,6,0.040995,116662
3,1,2,2,3,10,0.040870,93521
3,1,2,2,3,20,0.040861,22357
3,1,2,2,3,30,0.040523,20303
3,1,2,2,4,3,0.040659,16295
3,1,2,2,4,6,0.040870,68768
3,1,2,2,4,10,0.040995,59800
3,1,2,2,4,20,0.040826,17773
3,1,2,2,4,30,0.040518,15609
3,1,3,0,0,3,0.002552,2
3,1,3,0,0,6,0.024397,23
3,1,3,0,0,10,0.004229,4
3,1,3,0,0,20,0.001802,2
3,1,3,0,0,30,0.000001,1
3,1,3,0,1,3,0.000000,0
3,1,3,0,1,6,0.000099,2
3,1,3,0,1,10,0.016388,13
3,1,3,0,1,20,0.000000,0
3,1,3,0,1,30,0.000132,1
3,1,3,0,2,3,0.000000,0
3,1,3,0,2,6,0.000381,3
3,1,3,0,2,10,0.010876,11
3,1,3,0,2,20,0.000398,2
3,1,3,0,2,30,0.000116,3
3,1,3,0,3,3,0.009346,10
3,1,3,0,3,6,0.000000,0
3,1,3,0,3,10,0.000296,1
3,1,3,0,3,20,0.001565,3
3,1,3,0,3,30,0.000584,2
3,1,3,0,4,3,0.000018,1
3,1,3,0,4,6,0.002008,1
3,1,3,0,4,10,0.009175,13
3,1,3,0,4,20,0.000036,3
3,1,3,0,4,30,0.000357,3
3,1,3,1,0,3,0.009176,11
3,1,3,1,0,6,0.006100,10
3,1,3,1,0,10,0.008214,11
3,1,3,1,0,20,0.035545,89
3,1,3,1,0,30,0.005302,11
3,1,3,1,1,3,0.003594,8
3,1,3,1,1,6,0.010656,8
3,1,3,1,1,10,0.036837,137
3,1,3,1,1,20,0.011289,9
3,1,3,1,1,30,0.003516,8
3,1,3,1,2,3,0.002405,7
3,1,3,1,2,6,0.029925,43
3,1,3,1,2,10,0.009957,10
3,1,3,1,2,20,0.008336,6
3,1,3,1,2,30,0.001379,6
3,1,3,1,3,3,0.005925,9
3,1,3,1,3,6,0.004556,7
3,1,3,1,3,10,0.002852,6
3,1,3,1,3,20,0.027496,37
3,1,3,1,3,30,0.001500,2
3,1,3,1,4,3,0.005066,6
3,1,3,1,4,6,0.002381,4
3,1,3,1,4,10,0.002039,2
3,1,3,1,4,20,0.028025,32
3,1,3,1,4,30,0.002336,7
3,1,3,2,0,3,0.010788,37
3,1,3,2,0,6,0.011892,28
3,1,3,2,0,10,0.012631,31
3,1,3,2,0,20,0.025933,63
3,1,3,2,0,30,0.014649,40
3,1,3,2,1,3,0.007466,18
3,1,3,2,1,6,0.007323,22
3,1,3,2,1,10,0.023275,59
3,1,3,2,1,20,0.010158,30
3,1,3,2,1,30,0.008786,21
3,1,3,2,2,3,0.008150,27
3,1,3,2,2,6,0.003820,12
3,1,3,2,2,10,0.007917,20
3,1,3,2,2,20,0.020769,43
3,1,3,2,2,30,0.008249,21
3,1,3,2,3,3,0.006843,13
3,1,3,2,3,6,0.010994,34
3,1,3,2,3,10,0.021429,44
3,1,3,2,3,20,0.009395,34
3,1,3,2,3,30,0.013673,35
3,1,3,2,4,3,0.006405,19
3,1,3,2,4,6,0.011743,40
3,1,3,2,4,10,0.010328,28
3,1,3,2,4,20,0.022423,60
3,1,3,2,4,30,0.011232,21
3,2,2,0,0,3,0.000000,0
3,2,2,0,0,6,0.003108,5
3,2,2,0,0,10,0.000000,0
3,2,2,0,0,20,0.000000,0
3,2,2,0,0,30,0.000000,0
3,2,2,0,1,3,0.002390,3
3,2,2,0,1,6,0.000060,1
3,2,2,0,1,10,0.000000,0
3,2,2,0,1,20,0.001987,1
3,2,2,0,1,30,0.000000,0
3,2,2,0,2,3,0.000000,0
3,2,2,0,2,6,0.000000,0
3,2,2,0,2,10,0.000000,0
3,2,2,0,2,20,0.000000,0
3,2,2,0,2,30,0.000059,1
3,2,2,0,3,3,0.001209,2
3,2,2,0,3,6,0.001887,1
3,2,2,0,3,10,0.000000,0
3,2,2,0,3,20,0.000000,0
3,2,2,0,3,30,0.000000,0
3,2,2,0,4,3,0.000000,0
3,2,2,0,4,6,0.000000,0
3,2,2,0,4,10,0.000000,0
3,2,2,0,4,20,0.002519,2
3,2,2,0,4,30,0.000123,2
3,2,2,1,0,3,0.002305,2
3,2,2,1,0,6,0.000000,0
3,2,2,1,0,10,0.012620,13
3,2,2,1,0,20,0.000063,1
3,2,2,1,0,30,0.006372,6
3,2,2,1,1,3,0.000021,2
3,2,2,1,1,6,0.002720,3
3,2,2,1,1,10,0.002046,1
3,2,2,1,1,20,0.002036,2
3,2,2,1,1,30,0.015010,19
3,2,2,1,2,3,0.000000,0
3,2,2,1,2,6,0.000070,1
3,2,2,1,2,10,0.000000,0
3,2,2,1,2,20,0.000000,0
3,2,2,1,2,30,0.011270,13
3,2,2,1,3,3,0.000194,1
3,2,2,1,3,6,0.003665,7
3,2,2,1,3,10,0.000307,1
3,2,2,1,3,20,0.003905,2
3,2,2,1,3,30,0.020871,29
3,2,2,1,4,3,0.015113,24
3,2,2,1,4,6,0.000189,2
3,2,2,1,4,10,0.003458,6
3,2,2,1,4,20,0.000000,0
3,2,2,1,4,30,0.005095,4
3,2,2,2,0,3,0.008629,12
3,2,2,2,0,6,0.009733,16
3,2,2,2,0,10,0.005872,8
3,2,2,2,0,20,0.008561,13
3,2,2,2,0,30,0.035931,112
3,2,2,2,1,3,0.004293,11
3,2,2,2,1,6,0.005722,10
3,2,2,2,1,10,0.006240,12
3,2,2,2,1,20,0.006726,9
3,2,2,2,1,30,0.037063,138
3,2,2,2,2,3,0.030724,83
3,2,2,2,2,6,0.003393,6
3,2,2,2,2,10,0.005744,17
3,2,2,2,2,20,0.003623,8
3,2,2,2,2,30,0.006878,9
3,2,2,2,3,3,0.015067,14
3,2,2,2,3,6,0.035926,252
3,2,2,2,3,10,0.007112,15
3,2,2,2,3,20,0.013863,18
3,2,2,2,3,30,0.013995,18
3,2,2,2,4,3,0.010473,11
3,2,2,2,4,6,0.014635,18
3,2,2,2,4,10,0.006740,11
3,2,2,2,4,20,0.037435,261
3,2,2,2,4,30,0.008021,11
3,2,3,0,0,3,0.000000,0
3,2,3,0,0,6,0.000000,0
3,2,3,0,0,10,0.000000,0
3,2,3,0,0,20,0.000000,0
3,2,3,0,0,30,0.000213,1
3,2,3,0,3,3,0.001822,3
3,2,3,0,3,6,0.000000,0
3,2,3,0,3,10,0.000000,0
3,2,3,0,3,20,0.000000,0
3,2,3,0,3,30,0.000000,0
3,2,3,0,4,3,-0.000012,1
3,2,3,0,4,6,0.000000,0
3,2,3,0,4,10,0.000000,0
3,2,3,0,4,20,0.000000,0
3,2,3,0,4,30,0.000357,3
3,2,3,1,0,3,0.002119,4
3,2,3,1,0,6,0.000000,0
3,2,3,1,0,10,0.002000,1
3,2,3,1,0,20,0.009935,14
3,2,3,1,0,30,0.000000,0
3,2,3,1,1,3,0.000000,0
3,2,3,1,1,6,0.010261,11
3,2,3,1,1,10,0.000000,0
3,2,3,1,1,20,0.000000,0
3,2,3,1,1,30,0.000000,1
3,2,3,1,2,3,-0.000001,1
3,2,3,1,2,6,0.000000,0
3,2,3,1,2,10,0.000000,0
3,2,3,1,2,20,0.000000,0
3,2,3,1,2,30,0.004659,9
3,2,3,1,3,3,0.005352,5
3,2,3,1,3,6,0.000677,4
3,2,3,1,3,10,0.000000,0
3,2,3,1,3,20,0.000292,1
3,2,3,1,3,30,0.000000,0
3,2,3,1,4,3,0.003803,7
3,2,3,1,4,6,0.000000,0
3,2,3,1,4,10,0.000000,0
3,2,3,1,4,20,0.000020,1
3,2,3,1,4,30,0.000000,0
3,2,3,2,0,3,0.000016,1
3,2,3,2,0,6,0.002673,3
3,2,3,2,0,10,0.000000,0
3,2,3,2,0,20,0.000000,0
3,2,3,2,0,30,0.000000,0
3,2,3,2,1,3,0.000000,0
3,2,3,2,1,6,0.000000,0
3,2,3,2,1,10,0.000000,0
3,2,3,2,1,20,0.000086,1
3,2,3,2,1,30,0.000413,2
3,2,3,2,2,3,0.000000,0
3,2,3,2,2,6,0.000010,1
3,2,3,2,2,10,0.000010,1
3,2,3,2,2,20,0.000000,0
3,2,3,2,2,30,0.000000,0
3,2,3,2,4,3,0.000000,0
3,2,3,2,4,6,0.000000,0
3,2,3,2,4,10,0.000000,0
3,2,3,2,4,20,0.001233,2
3,2,3,2,4,30,0.000000,0
4,0,0,0,1,3,0.005363,17
4,0,0,0,1,6,0.001863,17
4,0,0,0,1,10,0.001030,20
4,0,0,0,1,20,0.006658,13
4,0,0,0,1,30,0.025104,199
4,0,0,0,3,3,0.000000,0
4,0,0,0,3,6,0.000284,3
4,0,0,0,3,10,0.000082,6
4,0,0,0,3,20,0.002076,3
4,0,0,0,3,30,0.008928,17
4,0,0,0,4,3,0.001613,5
4,0,0,0,4,6,0.000239,9
4,0,0,0,4,10,0.000215,10
4,0,0,0,4,20,0.001280,6
4,0,0,0,4,30,0.010461,25
4,0,2,0,0,3,0.016607,25
4,0,2,0,0,6,0.010313,13
4,0,2,0,0,10,0.007456,29
4,0,2,0,0,20,0.036327,331
4,0,2,0,0,30,0.009724,22
4,0,2,0,1,3,0.006714,5
4,0,2,0,1,6,0.001801,3
4,0,2,0,1,10,0.000127,2
4,0,2,0,1,20,0.015585,26
4,0,2,0,1,30,0.004509,7
4,0,2,0,2,3,0.000115,2
4,0,2,0,2,6,0.003060,3
4,0,2,0,2,10,0.009207,16
4,0,2,0,2,20,0.001889,7
4,0,2,0,2,30,0.001027,2
4,0,2,0,3,3,0.002094,5
4,0,2,0,3,6,0.001152,5
4,0,2,0,3,10,0.003855,13
4,0,2,0,3,20,0.022640,43
4,0,2,0,3,30,0.005662,10
4,0,2,0,4,3,0.027071,113
4,0,2,0,4,6,0.004384,16
4,0,2,0,4,10,0.002791,14
4,0,2,0,4,20,0.006742,20
4,0,2,0,4,30,0.004196,15
4,0,2,1,0,3,0.031648,48
4,0,2,1,0,6,0.027490,33
4,0,2,1,0,10,0.031510,48
4,0,2,1,0,20,0.032179,46
4,0,2,1,0,30,0.039523,556
4,0,2,1,1,3,0.017786,20
4,0,2,1,1,6,0.021717,26
4,0,2,1,1,10,0.022002,28
4,0,2,1,1,20,0.039605,155
4,0,2,1,1,30,0.020402,22
4,0,2,1,2,3,0.020045,22
4,0,2,1,2,6,0.009445,9
4,0,2,1,2,10,0.012690,16
4,0,2,1,2,20,0.017336,18
4,0,2,1,2,30,0.032770,52
4,0,2,1,3,3,0.027657,43
4,0,2,1,3,6,0.024870,39
4,0,2,1,3,10,0.026427,52
4,0,2,1,3,20,0.027383,51
4,0,2,1,3,30,0.040002,188
4,0,2,1,4,3,0.028434,70
4,0,2,1,4,6,0.022518,57
4,0,2,1,4,10,0.024877,61
4,0,2,1,4,20,0.038124,329
4,0,2,1,4,30,0.031554,64
4,0,2,2,0,3,0.039863,423
4,0,2,2,0,6,0.040307,760
4,0,2,2,0,10,0.040366,378
4,0,2,2,0,20,0.040914,4953
4,0,2,2,0,30,0.040614,381
4,0,2,2,1,3,0.039988,241
4,0,2,2,1,6,0.040157,200
4,0,2,2,1,10,0.040319,219
4,0,2,2,1,20,0.040897,3346
4,0,2,2,1,30,0.040623,812
4,0,2,2,2,3,0.035978,58
4,0,2,2,2,6,0.037910,68
4,0,2,2,2,10,0.037178,67
4,0,2,2,2,20,0.040824,705
4,0,2,2,2,30,0.038231,70
4,0,2,2,3,3,0.039432,119
4,0,2,2,3,6,0.039840,132
4,0,2,2,3,10,0.040039,138
4,0,2,2,3,20,0.040310,123
4,0,2,2,3,30,0.040627,1030
4,0,2,2,4,3,0.039467,203
4,0,2,2,4,6,0.039828,227
4,0,2,2,4,10,0.040105,198
4,0,2,2,4,20,0.040805,1169
4,0,2,2,4,30,0.040305,172
4,0,3,0,0,3,0.020278,59
4,0,3,0,0,6,0.001518,4
4,0,3,0,0,10,0.000287,6
4,0,3,0,0,20,0.000101,1
4,0,3,0,0,30,0.001280,17
4,0,3,0,1,3,0.000000,0
4,0,3,0,1,6,-0.000023,1
4,0,3,0,1,10,0.000000,0
4,0,3,0,1,20,0.000000,0
4,0,3,0,1,30,0.002146,5
4,0,3,0,2,3,0.000000,0
4,0,3,0,2,6,0.000132,3
4,0,3,0,2,10,-0.000012,1
4,0,3,0,2,20,0.000000,0
4,0,3,0,2,30,0.000000,0
4,0,3,0,3,3,0.002515,3
4,0,3,0,3,6,0.000000,0
4,0,3,0,3,10,0.000000,0
4,0,3,0,3,20,0.000000,0
4,0,3,0,3,30,0.000000,0
4,0,3,0,4,3,-0.000039,1
4,0,3,0,4,6,-0.000001,1
4,0,3,0,4,10,0.000000,0
4,0,3,0,4,20,0.000000,0
4,0,3,0,4,30,0.002235,7
4,0,3,1,0,3,0.004498,6
4,0,3,1,0,6,0.002141,7
4,0,3,1,0,10,-0.000001,2
4,0,3,1,0,20,0.020602,22
4,0,3,1,0,30,0.000341,1
4,0,3,1,1,3,0.002075,2
4,0,3,1,1,6,0.000067,2
4,0,3,1,1,10,0.000000,0
4,0,3,1,1,20,0.000000,0
4,0,3,1,1,30,0.019184,17
4,0,3,1,2,3,0.000000,0
4,0,3,1,2,6,0.001257,1
4,0,3,1,2,10,0.000000,0
4,0,3,1,2,20,0.000000,0
4,0,3,1,2,30,0.000000,0
4,0,3,1,3,3,0.003850,4
4,0,3,1,3,6,0.000000,0
4,0,3,1,3,10,0.000105,1
4,0,3,1,3,20,0.000000,0
4,0,3,1,3,30,0.000000,0
4,0,3,1,4,3,-0.000077,1
4,0,3,1,4,6,0.000000,0
4,0,3,1,4,10,-0.000001,1
4,0,3,1,4,20,0.000978,4
4,0,3,1,4,30,0.011271,9
4,0,3,2,0,3,0.000000,0
4,0,3,2,0,6,0.000000,0
4,0,3,2,0,10,-0.000010,1
4,0,3,2,0,20,0.000000,0
4,0,3,2,0,30,0.000000,0
4,0,3,2,1,3,0.000000,0
4,0,3,2,1,6,-0.000012,1
4,0,3,2,1,10,0.000000,0
4,0,3,2,1,20,0.000000,0
4,0,3,2,1,30,0.000000,0
4,1,0,0,3,3,0.000000,0
4,1,0,0,3,6,-0.000018,1
4,1,0,0,3,10,0.000000,0
4,1,0,0,3,20,0.000000,0
4,1,0,0,3,30,0.000000,0
4,1,0,0,4,3,0.000000,0
4,1,0,0,4,6,0.000000,0
4,1,0,0,4,10,0.000211,3
4,1,0,0,4,20,0.000066,1
4,1,0,0,4,30,0.000020,1
4,1,2,0,0,3,0.002162,2
4,1,2,0,0,6,0.004817,3
4,1,2,0,0,10,0.002009,1
4,1,2,0,0,20,0.022874,21
4,1,2,0,0,30,0.001025,1
4,1,2,0,1,3,0.000000,0
4,1,2,0,1,6,0.001695,2
4,1,2,0,1,10,0.003710,2
4,1,2,0,1,20,0.000297,2
4,1,2,0,1,30,0.000821,2
4,1,2,0,2,3,-0.000026,1
4,1,2,0,2,6,0.000044,1
4,1,2,0,2,10,0.000000,0
4,1,2,0,2,20,0.005795,4
4,1,2,0,2,30,0.001710,5
4,1,2,0,3,3,0.001834,1
4,1,2,0,3,6,0.002199,2
4,1,2,0,3,10,0.032018,37
4,1,2,0,3,20,0.005706,8
4,1,2,0,3,30,0.001026,4
4,1,2,0,4,3,0.005615,6
4,1,2,0,4,6,0.004157,8
4,1,2,0,4,10,0.003364,9
4,1,2,0,4,20,0.026509,43
4,1,2,0,4,30,0.003516,9
4,1,2,1,0,3,0.038034,530
4,1,2,1,0,6,0.037816,414
4,1,2,1,0,10,0.037384,515
4,1,2,1,0,20,0.040670,1378
4,1,2,1,0,30,0.038953,672
4,1,2,1,1,3,0.037680,264
4,1,2,1,1,6,0.036052,433
4,1,2,1,1,10,0.037119,271
4,1,2,1,1,20,0.037381,408
4,1,2,1,1,30,0.040002,511
4,1,2,1,2,3,0.035671,236
4,1,2,1,2,6,0.035018,239
4,1,2,1,2,10,0.037841,381
4,1,2,1,2,20,0.036576,629
4,1,2,1,2,30,0.034597,258
4,1,2,1,3,3,0.038627,784
4,1,2,1,3,6,0.038621,724
4,1,2,1,3,10,0.038420,746
4,1,2,1,3,20,0.040504,1442
4,1,2,1,3,30,0.038178,1146
4,1,2,1,4,3,0.037555,1209
4,1,2,1,4,6,0.038912,1246
4,1,2,1,4,10,0.038918,1158
4,1,2,1,4,20,0.040472,2549
4,1,2,1,4,30,0.039130,2049
4,1,2,2,0,3,0.039937,12111
4,1,2,2,0,6,0.040438,12246
4,1,2,2,0,10,0.040331,12513
4,1,2,2,0,20,0.040930,131680
4,1,2,2,0,30,0.040585,46967
4,1,2,2,1,3,0.040121,10373
4,1,2,2,1,6,0.040277,10750
4,1,2,2,1,10,0.040394,13504
4,1,2,2,1,20,0.040916,125601
4,1,2,2,1,30,0.040559,38478
4,1,2,2,2,3,0.039999,3871
4,1,2,2,2,6,0.040211,3796
4,1,2,2,2,10,0.040492,6491
4,1,2,2,2,20,0.040819,30492
4,1,2,2,2,30,0.040505,10535
4,1,2,2,3,3,0.039814,8331
4,1,2,2,3,6,0.040170,8378
4,1,2,2,3,10,0.040372,8912
4,1,2,2,3,20,0.040808,65398
4,1,2,2,3,30,0.040568,30434
4,1,2,2,4,3,0.039624,11030
4,1,2,2,4,6,0.039471,11135
4,1,2,2,4,10,0.040108,11021
4,1,2,2,4,20,0.040821,67406
4,1,2,2,4,30,0.040537,47293
4,1,3,0,0,3,0.000000,0
4,1,3,0,0,6,0.000032,1
4,1,3,0,0,10,0.000000,0
4,1,3,0,0,20,0.000000,0
4,1,3,0,0,30,0.006356,11
4,1,3,0,2,3,0.000000,0
4,1,3,0,2,6,0.001742,4
4,1,3,0,2,10,0.000000,0
4,1,3,0,2,20,0.000000,0
4,1,3,0,2,30,0.000000,0
4,1,3,0,3,3,0.000532,1
4,1,3,0,3,6,0.000000,0
4,1,3,0,3,10,0.001272,2
4,1,3,0,3,20,0.008305,8
4,1,3,0,3,30,0.000000,0
4,1,3,0,4,3,-0.000026,1
4,1,3,0,4,6,0.000050,1
4,1,3,0,4,10,0.000000,0
4,1,3,0,4,20,0.005349,7
4,1,3,0,4,30,0.000961,4
4,1,3,1,0,3,0.003850,7
4,1,3,1,0,6,0.000091,1
4,1,3,1,0,10,0.000116,2
4,1,3,1,0,20,0.004837,5
4,1,3,1,0,30,0.026757,36
4,1,3,1,1,3,0.003660,4
4,1,3,1,1,6,0.000234,3
4,1,3,1,1,10,0.000000,0
4,1,3,1,1,20,0.027806,35
4,1,3,1,1,30,0.001746,2
4,1,3,1,2,3,-0.000030,1
4,1,3,1,2,6,-0.000058,1
4,1,3,1,2,10,0.001137,1
4,1,3,1,2,20,0.001260,1
4,1,3,1,2,30,0.010960,8
4,1,3,1,3,3,0.001584,4
4,1,3,1,3,6,0.000020,1
4,1,3,1,3,10,0.000000,0
4,1,3,1,3,20,0.021435,22
4,1,3,1,3,30,0.001929,2
4,1,3,1,4,3,0.001211,3
4,1,3,1,4,6,0.001249,4
4,1,3,1,4,10,0.000649,7
4,1,3,1,4,20,0.000229,2
4,1,3,1,4,30,0.019241,16
4,1,3,2,0,3,0.004740,13
4,1,3,2,0,6,0.001739,10
4,1,3,2,0,10,0.001880,10
4,1,3,2,0,20,0.018174,25
4,1,3,2,0,30,0.007756,13
4,1,3,2,1,3,0.002754,8
4,1,3,2,1,6,0.001204,8
4,1,3,2,1,10,0.000524,4
4,1,3,2,1,20,0.001822,4
4,1,3,2,1,30,0.012627,15
4,1,3,2,2,3,0.001755,4
4,1,3,2,2,6,0.000689,4
4,1,3,2,2,10,0.000239,2
4,1,3,2,2,20,0.005847,9
4,1,3,2,2,30,0.002743,4
4,1,3,2,3,3,0.002690,12
4,1,3,2,3,6,0.002995,15
4,1,3,2,3,10,0.001871,8
4,1,3,2,3,20,0.000685,2
4,1,3,2,3,30,0.010205,17
4,1,3,2,4,3,0.004848,21
4,1,3,2,4,6,0.003657,23
4,1,3,2,4,10,0.002431,16
4,1,3,2,4,20,0.012110,26
4,1,3,2,4,30,0.005204,9
4,2,2,0,0,3,0.000000,0
4,2,2,0,0,6,0.000638,3
4,2,2,0,0,10,0.000000,0
4,2,2,0,0,20,0.000000,0
4,2,2,0,0,30,0.000000,0
4,2,2,0,3,3,0.000000,0
4,2,2,0,3,6,0.002089,2
4,2,2,0,3,10,0.000000,0
4,2,2,0,3,20,0.000000,0
4,2,2,0,3,30,0.000000,0
4,2,2,0,4,3,0.006427,6
4,2,2,0,4,6,0.001406,1
4,2,2,0,4,10,0.000363,3
4,2,2,0,4,20,0.000568,1
4,2,2,0,4,30,0.001328,1
4,2,2,1,0,3,0.000022,2
4,2,2,1,0,6,0.004487,8
4,2,2,1,0,10,0.000000,0
4,2,2,1,0,20,0.000668,2
4,2,2,1,0,30,0.000000,0
4,2,2,1,1,3,-0.000025,1
4,2,2,1,1,6,0.000000,0
4,2,2,1,1,10,0.000332,5
4,2,2,1,1,20,0.000000,0
4,2,2,1,1,30,0.001466,6
4,2,2,1,2,3,-0.000022,1
4,2,2,1,2,6,0.000000,0
4,2,2,1,2,10,-0.000050,1
4,2,2,1,2,20,0.000000,0
4,2,2,1,2,30,0.000000,0
4,2,2,1,3,3,0.000000,0
4,2,2,1,3,6,0.000085,1
4,2,2,1,3,10,0.000000,0
4,2,2,1,3,20,0.000000,0
4,2,2,1,3,30,0.009795,13
4,2,2,1,4,3,0.005510,6
4,2,2,1,4,6,0.002171,4
4,2,2,1,4,10,-0.000161,1
4,2,2,1,4,20,0.021920,30
4,2,2,1,4,30,0.003850,2
4,2,2,2,0,3,0.000349,2
4,2,2,2,0,6,-0.000010,1
4,2,2,2,0,10,0.014898,45
4,2,2,2,0,20,0.003990,4
4,2,2,2,0,30,0.001901,2
4,2,2,2,1,3,0.000533,2
4,2,2,2,1,6,0.001462,3
4,2,2,2,1,10,0.003948,2
4,2,2,2,1,20,0.001104,1
4,2,2,2,1,30,0.023041,25
4,2,2,2,2,3,0.000634,3
4,2,2,2,2,6,0.002079,2
4,2,2,2,2,10,0.000424,5
4,2,2,2,2,20,0.017296,23
4,2,2,2,2,30,0.000844,3
4,2,2,2,3,3,0.005195,10
4,2,2,2,3,6,0.006775,11
4,2,2,2,3,10,0.016832,91
4,2,2,2,3,20,0.007802,11
4,2,2,2,3,30,0.006216,5
4,2,2,2,4,3,0.008506,10
4,2,2,2,4,6,0.015756,28
4,2,2,2,4,10,0.009239,20
4,2,2,2,4,20,0.014592,18
4,2,2,2,4,30,0.037819,212
4,2,3,0,2,3,0.000000,0
4,2,3,0,2,6,0.000170,1
4,2,3,0,2,10,0.000000,0
4,2,3,0,2,20,0.000000,0
4,2,3,0,2,30,0.000000,0
4,2,3,0,3,3,0.001433,1
4,2,3,0,3,6,0.000000,0
4,2,3,0,3,10,0.000000,0
4,2,3,0,3,20,0.000000,0
4,2,3,0,3,30,0.000000,0
4,2,3,0,4,3,0.000000,0
4,2,3,0,4,6,0.002571,5
4,2,3,0,4,10,0.000061,1
4,2,3,0,4,20,0.000000,0
4,2,3,0,4,30,0.000000,0
4,2,3,1,0,3,0.000934,7
4,2,3,1,0,6,0.000000,0
4,2,3,1,0,10,-0.000022,1
4,2,3,1,0,20,0.000000,0
4,2,3,1,0,30,0.000000,0
4,2,3,1,1,3,0.000000,0
4,2,3,1,1,6,0.000000,0
4,2,3,1,1,10,-0.000003,1
4,2,3,1,1,20,0.000000,0
4,2,3,1,1,30,0.001043,1
4,2,3,1,2,3,0.000000,0
4,2,3,1,2,6,0.000000,0
4,2,3,1,2,10,-0.000027,1
4,2,3,1,2,20,0.000000,0
4,2,3,1,2,30,0.000000,0
4,2,3,1,3,3,0.000000,0
4,2,3,1,3,6,0.000002,1
4,2,3,1,3,10,-0.000015,1
4,2,3,1,3,20,0.000000,0
4,2,3,1,3,30,0.001858,5
4,2,3,1,4,3,0.000000,0
4,2,3,1,4,6,0.000013,1
4,2,3,1,4,10,0.000000,0
4,2,3,1,4,20,0.001635,5
4,2,3,1,4,30,0.000012,1
4,2,3,2,1,3,0.000000,0
4,2,3,2,1,6,0.000000,0
4,2,3,2,1,10,-0.000015,1
4,2,3,2,1,20,0.000000,0
4,2,3,2,1,30,0.000000,0
4,2,3,2,4,3,0.000000,0
4,2,3,2,4,6,0.000000,0
4,2,3,2,4,10,0.000000,0
4,2,3,2,4,20,0.000000,0
4,2,3,2,4,30,0.001979,4
5,0,2,2,0,3,0.000000,0
5,0,2,2,0,6,0.001785,1
5,0,2,2,0,10,0.000000,0
5,0,2,2,0,20,0.000000,0
5,0,2,2,0,30,0.000000,0
5,0,2,2,4,3,0.000000,0
5,0,2,2,4,6,0.000603,1
5,0,2,2,4,10,0.000000,0
5,0,2,2,4,20,0.001687,1
5,0,2,2,4,30,0.000000,0
5,1,2,1,0,3,0.000000,0
5,1,2,1,0,6,0.001416,2
5,1,2,1,0,10,0.000000,0
5,1,2,1,0,20,0.000000,0
5,1,2,1,0,30,0.000000,0
5,1,2,1,3,3,0.000000,0
5,1,2,1,3,6,0.000000,0
5,1,2,1,3,10,0.000000,0
5,1,2,1,3,20,0.001443,1
5,1,2,1,3,30,0.001301,1
5,1,2,1,4,3,0.000000,0
5,1,2,1,4,6,0.000931,1
5,1,2,1,4,10,0.014110,13
5,1,2,1,4,20,0.000000,0
5,1,2,1,4,30,0.001878,2
5,1,2,2,0,3,0.004811,3
5,1,2,2,0,6,0.007964,5
5,1,2,2,0,10,0.000000,0
5,1,2,2,0,20,0.000000,0
5,1,2,2,0,30,0.030553,30
5,1,2,2,1,3,0.000439,1
5,1,2,2,1,6,0.001693,1
5,1,2,2,1,10,0.000000,0
5,1,2,2,1,20,0.020723,16
5,1,2,2,1,30,0.000000,0
5,1,2,2,2,3,0.000000,0
5,1,2,2,2,6,0.000000,0
5,1,2,2,2,10,0.000000,0
5,1,2,2,2,20,0.001075,1
5,1,2,2,2,30,0.000000,0
5,1,2,2,3,3,0.002998,3
5,1,2,2,3,6,0.004086,3
5,1,2,2,3,10,0.003146,2
5,1,2,2,3,20,0.006935,4
5,1,2,2,3,30,0.031583,34
5,1,2,2,4,3,0.017411,18
5,1,2,2,4,6,0.022258,25
5,1,2,2,4,10,0.023796,24
5,1,2,2,4,20,0.026726,29
5,1,2,2,4,30,0.039188,352
5,2,2,2,3,3,0.000443,1
5,2,2,2,3,6,0.000000,0
5,2,2,2,3,10,0.000000,0
5,2,2,2,3,20,0.000000,0
5,2,2,2,3,30,0.000000,0
5,2,2,2,4,3,0.000000,0
5,2,2,2,4,6,0.000000,0
5,2,2,2,4,10,0.000000,0
5,2,2,2,4,20,0.000000,0
5,2,2,2,4,30,0.003430,3
