policy,seed,delta_hedged_pnl,delta_lp_vs_hold,delta_fee_revenue,delta_lvr
oracle_gap,42,16.6211,14.6272,14.6519,-1.9692
oracle_gap,43,12.9068,13.8020,13.8247,0.9178
oracle_gap,44,17.2070,16.4522,16.4773,-0.7297
oracle_gap,45,17.0996,18.0918,18.1054,1.0058
oracle_gap,46,16.1399,17.3340,17.3353,1.1954
oracle_gap,47,15.0832,14.8555,14.8622,-0.2210
oracle_gap,48,16.1547,18.7759,18.7871,2.6325
oracle_gap,49,13.9773,15.2809,15.2880,1.3107
oracle_gap,50,15.5497,13.0354,13.0456,-2.5041
oracle_gap,51,18.3206,17.6858,17.7025,-0.6180
oracle_gap,52,20.0808,16.1666,16.1763,-3.9045
oracle_gap,53,14.9365,13.9915,13.9979,-0.9385
oracle_gap,54,15.7927,16.2747,16.3043,0.5117
oracle_gap,55,15.2199,17.8521,17.8824,2.6625
oracle_gap,56,15.6087,16.8501,16.8564,1.2477
oracle_gap,57,14.0837,13.9810,14.0029,-0.0808
oracle_gap,58,17.0805,17.9289,17.9464,0.8659
oracle_gap,59,16.8658,14.9809,14.9985,-1.8673
oracle_gap,60,12.1198,13.6722,13.6865,1.5667
oracle_gap,61,10.3072,12.5342,12.5364,2.2292
oracle_gap,62,14.6776,10.8219,10.8384,-3.8392
oracle_gap,63,16.3176,12.8926,12.9143,-3.4033
oracle_gap,64,18.7548,17.3843,17.3946,-1.3601
oracle_gap,65,16.0634,14.0673,14.0895,-1.9739
oracle_gap,66,16.4657,15.8262,15.8327,-0.6329
oracle_gap,67,16.8833,19.7162,19.7447,2.8615
oracle_gap,68,17.6567,18.9650,18.9850,1.3283
oracle_gap,69,17.4011,16.9816,16.9867,-0.4144
oracle_gap,70,17.8700,16.9263,16.9418,-0.9282
oracle_gap,71,12.7061,15.1669,15.1765,2.4704
oracle_gap,72,16.8505,14.9872,15.0151,-1.8354
oracle_gap,73,15.9287,14.6939,14.7060,-1.2226
oracle_gap,74,12.9987,14.2406,14.2461,1.2474
oracle_gap,75,20.5290,18.0230,18.0279,-2.5011
oracle_gap,76,12.6729,10.3685,10.3868,-2.2861
oracle_gap,77,11.0865,13.7432,13.7710,2.6844
oracle_gap,78,17.5294,14.0619,14.0669,-3.4624
oracle_gap,79,11.5178,13.0260,13.0473,1.5294
oracle_gap,80,15.3687,14.7208,14.7350,-0.6338
oracle_gap,81,14.9179,14.5274,14.5383,-0.3795
oracle_gap,82,15.4434,15.9273,15.9279,0.4847
oracle_gap,83,15.3224,11.5747,11.5762,-3.7462
oracle_gap,84,16.3158,15.8966,15.9177,-0.3981
oracle_gap,85,12.8051,15.4662,15.4803,2.6752
oracle_gap,86,16.0032,15.4158,15.4269,-0.5763
oracle_gap,87,16.3790,17.6316,17.6333,1.2543
oracle_gap,88,12.4808,13.3779,13.3974,0.9165
oracle_gap,89,17.4373,18.3166,18.3207,0.8834
oracle_gap,90,13.4509,14.5970,14.6012,1.1503
oracle_gap,91,13.7453,14.7867,14.8188,1.0734
oracle_gap,92,13.5387,16.2486,16.2564,2.7177
oracle_gap,93,15.4816,15.9626,15.9640,0.4824
oracle_gap,94,13.2238,14.4785,14.5069,1.2831
oracle_gap,95,13.5902,12.1208,12.1256,-1.4646
oracle_gap,96,13.7404,16.8574,16.8628,3.1223
oracle_gap,97,19.2935,17.4099,17.4220,-1.8715
oracle_gap,98,11.4271,15.2436,15.2635,3.8364
oracle_gap,99,13.7507,14.0297,14.0476,0.2969
oracle_gap,100,14.6342,17.9327,17.9415,3.3072
oracle_gap,101,13.9088,12.7325,12.7408,-1.1680
oracle_gap,102,15.0461,11.6838,11.7073,-3.3389
oracle_gap,103,12.1820,14.0415,14.0643,1.8824
oracle_gap,104,15.2392,16.8249,16.8479,1.6087
oracle_gap,105,15.5223,13.8284,13.8290,-1.6933
oracle_gap,106,18.0107,16.5733,16.5959,-1.4148
oracle_gap,107,16.9493,13.7420,13.7653,-3.1839
oracle_gap,108,16.6124,16.9917,17.0047,0.3923
oracle_gap,109,15.3115,12.5384,12.5522,-2.7593
oracle_gap,110,15.3380,15.7258,15.7414,0.4033
oracle_gap,111,11.4739,15.4389,15.4496,3.9758
oracle_gap,112,13.5490,12.1534,12.1580,-1.3910
oracle_gap,113,12.5924,13.1305,13.1526,0.5602
oracle_gap,114,19.0680,16.3604,16.3606,-2.7073
oracle_gap,115,15.1079,14.0677,14.0894,-1.0185
oracle_gap,116,15.2620,10.4072,10.4313,-4.8307
oracle_gap,117,16.9039,13.3000,13.3102,-3.5937
oracle_gap,118,15.7739,16.7854,16.7905,1.0165
oracle_gap,119,16.9114,17.4317,17.4596,0.5482
oracle_gap,120,12.6686,15.8449,15.8534,3.1847
oracle_gap,121,14.2987,14.0924,14.1227,-0.1761
oracle_gap,122,18.3297,17.7834,17.7844,-0.5453
oracle_gap,123,16.9445,16.3781,16.3949,-0.5496
oracle_gap,124,18.6896,15.0909,15.0910,-3.5985
oracle_gap,125,19.2960,19.0940,19.1135,-0.1825
oracle_gap,126,13.4628,9.4800,9.4803,-3.9825
oracle_gap,127,16.4418,12.3421,12.3676,-4.0743
oracle_gap,128,18.2956,17.0360,17.0513,-1.2443
oracle_gap,129,12.9082,18.0333,18.0392,5.1310
oracle_gap,130,14.7772,15.4539,15.4606,0.6834
oracle_gap,131,17.5388,16.8098,16.8340,-0.7048
oracle_gap,132,12.1206,16.8884,16.9157,4.7951
oracle_gap,133,12.3695,13.2911,13.3193,0.9499
oracle_gap,134,13.6925,14.0561,14.0707,0.3782
oracle_gap,135,16.9669,13.6970,13.7081,-3.2590
oracle_gap,136,18.9795,17.2708,17.2758,-1.7036
oracle_gap,137,12.7129,17.0998,17.1070,4.3941
oracle_gap,138,11.4496,10.8025,10.8032,-0.6464
oracle_gap,139,21.5369,19.2229,19.2277,-2.3091
oracle_gap,140,16.0337,14.8408,14.8604,-1.1734
oracle_gap,141,12.3916,12.3840,12.4110,0.0193
oracle_gap,142,14.6366,16.2140,16.2422,1.6057
oracle_gap,143,19.0738,16.9814,16.9878,-2.0860
oracle_gap,144,10.5969,11.5291,11.5424,0.9456
oracle_gap,145,13.1751,13.4769,13.4984,0.3232
oracle_gap,146,16.8319,11.7042,11.7112,-5.1207
oracle_gap,147,15.1590,19.0262,19.0294,3.8703
oracle_gap,148,15.0087,14.4613,14.4957,-0.5130
oracle_gap,149,16.9689,19.0750,19.1015,2.1325
oracle_gap,150,14.3077,15.7257,15.7325,1.4248
oracle_gap,151,12.2139,10.9194,10.9330,-1.2810
oracle_gap,152,16.3695,16.2494,16.2569,-0.1127
oracle_gap,153,15.9636,13.6915,13.7164,-2.2470
oracle_gap,154,19.4545,16.3121,16.3180,-3.1364
oracle_gap,155,16.1549,15.6740,15.7050,-0.4499
oracle_gap,156,17.2512,16.7989,16.8020,-0.4492
oracle_gap,157,10.9457,14.8493,14.8818,3.9361
oracle_gap,158,7.7373,10.1425,10.1466,2.4093
oracle_gap,159,13.9607,14.3976,14.4152,0.4545
oracle_gap,160,14.7511,14.0919,14.0957,-0.6553
oracle_gap,161,15.4226,13.9027,13.9214,-1.5013
oracle_gap,162,16.1467,16.1451,16.1670,0.0203
oracle_gap,163,14.4451,18.1839,18.1967,3.7516
oracle_gap,164,17.8576,18.5583,18.5634,0.7059
oracle_gap,165,13.1912,11.4378,11.4433,-1.7478
oracle_gap,166,13.5196,16.2025,16.2232,2.7036
oracle_gap,167,12.9451,13.3315,13.3479,0.4028
oracle_gap,168,13.6717,14.0069,14.0193,0.3476
oracle_gap,169,16.6978,18.0256,18.0420,1.3443
oracle_gap,170,16.2141,17.5836,17.6034,1.3893
oracle_gap,171,12.3469,15.3284,15.3426,2.9958
oracle_gap,172,15.1408,14.3254,14.3256,-0.8152
oracle_gap,173,14.1591,14.1243,14.1420,-0.0169
oracle_gap,174,10.4339,15.0026,15.0390,4.6051
oracle_gap,175,13.5392,18.2736,18.3097,4.7705
oracle_gap,176,19.4143,18.1177,18.1213,-1.2929
oracle_gap,177,14.9782,12.6606,12.6723,-2.3059
oracle_gap,178,15.9213,12.1073,12.1139,-3.8074
oracle_gap,179,15.2143,14.4648,14.4728,-0.7415
oracle_gap,180,18.1368,20.7874,20.8130,2.6762
oracle_gap,181,17.1126,14.8813,14.8941,-2.2185
oracle_gap,182,18.7529,13.8720,13.8789,-4.8741
oracle_gap,183,16.4055,15.7402,15.7556,-0.6498
oracle_gap,184,16.4677,14.3483,14.3737,-2.0941
oracle_gap,185,16.9395,19.0475,19.0710,2.1315
oracle_gap,186,12.8481,16.6724,16.6935,3.8454
oracle_gap,187,16.6203,14.1599,14.1912,-2.4290
oracle_gap,188,16.5258,18.5455,18.5577,2.0319
oracle_gap,189,12.1756,12.8914,12.9143,0.7387
oracle_gap,190,14.7025,15.0627,15.0691,0.3667
oracle_gap,191,15.2265,11.2776,11.3076,-3.9189
oracle_gap,192,18.4513,16.8613,16.8678,-1.5836
oracle_gap,193,19.8686,17.6888,17.6892,-2.1795
oracle_gap,194,17.8396,14.4960,14.5129,-3.3268
oracle_gap,195,13.2847,10.3102,10.3140,-2.9707
oracle_gap,196,11.6924,14.4419,14.4435,2.7511
oracle_gap,197,19.1789,14.7037,14.7180,-4.4609
oracle_gap,198,11.8579,13.3302,13.3409,1.4830
oracle_gap,199,15.2955,14.6408,14.6525,-0.6430
oracle_gap,200,19.8630,18.8665,18.8847,-0.9783
oracle_gap,201,15.3320,15.6101,15.6249,0.2929
oracle_gap,202,14.3127,15.2181,15.2223,0.9096
oracle_gap,203,15.1718,15.6825,15.6826,0.5108
oracle_gap,204,18.3045,17.7010,17.7205,-0.5841
oracle_gap,205,16.3267,14.4154,14.4244,-1.9023
oracle_gap,206,14.0962,15.0522,15.0825,0.9863
oracle_gap,207,11.5800,11.1793,11.1823,-0.3978
oracle_gap,208,15.8163,19.7994,19.8161,3.9998
oracle_gap,209,15.7757,17.0005,17.0163,1.2405
oracle_gap,210,12.5309,14.6405,14.6533,2.1224
oracle_gap,211,13.8596,14.1036,14.1131,0.2535
oracle_gap,212,18.4703,20.1388,20.1548,1.6845
oracle_gap,213,13.8437,14.0764,14.0899,0.2461
oracle_gap,214,16.5881,13.4560,13.4729,-3.1151
oracle_gap,215,15.6164,16.9838,17.0149,1.3985
oracle_gap,216,15.8651,13.3738,13.3791,-2.4860
oracle_gap,217,13.0088,12.7135,12.7199,-0.2889
oracle_gap,218,11.2676,17.4778,17.4945,6.2269
oracle_gap,219,10.9290,15.3127,15.3180,4.3891
oracle_gap,220,15.4706,16.0869,16.0926,0.6220
oracle_gap,221,17.4761,17.4085,17.4129,-0.0632
oracle_gap,222,15.6051,14.7581,14.7827,-0.8224
oracle_gap,223,14.7448,17.9975,18.0187,3.2740
oracle_gap,224,13.7111,16.6168,16.6423,2.9312
oracle_gap,225,18.5434,15.0122,15.0151,-3.5283
oracle_gap,226,17.4575,16.7592,16.7604,-0.6972
oracle_gap,227,12.1702,13.8951,13.9121,1.7419
oracle_gap,228,18.8140,16.2314,16.2453,-2.5687
oracle_gap,229,14.6424,13.9862,13.9934,-0.6490
oracle_gap,230,13.2502,14.1749,14.1955,0.9453
oracle_gap,231,13.6938,15.3515,15.3669,1.6730
oracle_gap,232,15.8856,13.3743,13.3754,-2.5103
oracle_gap,233,16.8576,12.1265,12.1295,-4.7281
oracle_gap,234,10.8962,10.7889,10.7957,-0.1005
oracle_gap,235,14.9917,14.7167,14.7382,-0.2535
oracle_gap,236,12.3644,12.1324,12.1444,-0.2200
oracle_gap,237,15.2738,17.3734,17.3927,2.1189
oracle_gap,238,13.5115,13.0190,13.0414,-0.4701
oracle_gap,239,19.4894,16.8174,16.8307,-2.6586
oracle_gap,240,11.6806,12.2757,12.2797,0.5992
oracle_gap,241,10.6681,14.4059,14.4248,3.7567
oracle_gap,242,13.6453,13.8161,13.8238,0.1785
oracle_gap,243,11.8453,12.5825,12.5981,0.7528
oracle_gap,244,17.2339,14.8395,14.8447,-2.3892
oracle_gap,245,15.0694,13.7789,13.7868,-1.2826
oracle_gap,246,16.0698,18.7185,18.7255,2.6557
oracle_gap,247,19.2601,15.6263,15.6617,-3.5984
oracle_gap,248,15.6052,13.5219,13.5312,-2.0740
oracle_gap,249,15.8774,14.0970,14.1026,-1.7748
oracle_gap,250,14.0665,15.1414,15.1571,1.0906
oracle_gap,251,13.2316,18.3767,18.3917,5.1602
oracle_gap,252,11.6070,13.7580,13.7822,2.1752
oracle_gap,253,13.7731,18.9019,18.9162,5.1432
oracle_gap,254,17.2678,19.8389,19.8645,2.5968
oracle_gap,255,16.7254,14.7319,14.7609,-1.9646
oracle_gap,256,14.9497,12.5167,12.5271,-2.4226
oracle_gap,257,14.2950,11.4164,11.4342,-2.8608
oracle_gap,258,14.5289,15.7551,15.7629,1.2340
oracle_gap,259,17.1542,16.9862,17.0088,-0.1454
oracle_gap,260,14.5690,14.0449,14.0465,-0.5225
oracle_gap,261,15.4736,18.1053,18.1233,2.6499
oracle_gap,262,15.5695,15.4030,15.4049,-0.1647
oracle_gap,263,13.4236,14.6132,14.6241,1.2005
oracle_gap,264,12.5193,16.4005,16.4159,3.8966
oracle_gap,265,17.2671,14.2063,14.2203,-3.0468
oracle_gap,266,16.2761,16.2409,16.2551,-0.0210
oracle_gap,267,14.0102,14.9576,14.9764,0.9661
oracle_gap,268,15.1667,16.4738,16.4944,1.3278
oracle_gap,269,13.3989,16.0764,16.0954,2.6965
oracle_gap,270,16.8451,15.0919,15.1120,-1.7331
oracle_gap,271,15.7354,14.8668,14.8899,-0.8454
oracle_gap,272,15.8966,15.4281,15.4406,-0.4560
oracle_gap,273,14.7488,15.0387,15.0586,0.3099
oracle_gap,274,14.2694,15.0385,15.0671,0.7977
oracle_gap,275,14.2045,17.6405,17.6408,3.4363
oracle_gap,276,12.8668,14.3149,14.3246,1.4578
oracle_gap,277,13.7181,13.9998,14.0123,0.2941
oracle_gap,278,13.5516,16.7538,16.7746,3.2230
oracle_gap,279,14.7574,13.4048,13.4071,-1.3501
oracle_gap,280,15.0437,13.1299,13.1618,-1.8818
oracle_gap,281,15.2920,16.0340,16.0398,0.7477
oracle_gap,282,12.0771,17.5687,17.5889,5.5119
oracle_gap,283,10.1516,10.7421,10.7530,0.6015
oracle_gap,284,17.5647,17.5587,17.5840,0.0193
oracle_gap,285,10.6904,13.3212,13.3516,2.6611
oracle_gap,286,14.3123,15.2154,15.2281,0.9158
oracle_gap,287,20.5222,17.6809,17.6810,-2.8411
oracle_gap,288,17.6474,19.7936,19.8222,2.1746
oracle_gap,289,11.7590,15.8374,15.8593,4.1003
oracle_gap,290,14.7900,15.8257,15.8534,1.0634
oracle_gap,291,14.0673,11.7575,11.7817,-2.2856
oracle_gap,292,21.3581,18.1455,18.1718,-3.1863
oracle_gap,293,17.9882,17.9080,17.9271,-0.0610
oracle_gap,294,16.1360,17.5501,17.5525,1.4164
oracle_gap,295,14.8802,18.3109,18.3153,3.4352
oracle_gap,296,14.5794,17.1287,17.1331,2.5537
oracle_gap,297,17.1494,15.9885,16.0133,-1.1361
oracle_gap,298,13.4707,12.4723,12.4898,-0.9809
oracle_gap,299,14.7064,13.6123,13.6229,-1.0836
oracle_gap,300,14.2441,15.4536,15.4758,1.2316
oracle_gap,301,16.9885,14.0005,14.0036,-2.9849
oracle_gap,302,16.3347,14.6718,14.6865,-1.6482
oracle_gap,303,16.9920,14.1050,14.1104,-2.8816
oracle_gap,304,12.1398,11.3276,11.3399,-0.7999
oracle_gap,305,14.6087,14.7517,14.7616,0.1529
oracle_gap,306,17.8536,17.6269,17.6445,-0.2091
oracle_gap,307,12.4484,12.2801,12.2827,-0.1657
oracle_gap,308,15.6535,12.6456,12.6510,-3.0025
oracle_gap,309,14.4074,15.0951,15.1157,0.7083
oracle_gap,310,15.3368,15.5099,15.5102,0.1734
oracle_gap,311,18.3206,15.4469,15.4631,-2.8575
oracle_gap,312,15.1633,15.3996,15.4019,0.2386
oracle_gap,313,22.9286,15.7386,15.7460,-7.1827
oracle_gap,314,12.7317,13.1172,13.1324,0.4008
oracle_gap,315,16.8397,14.5882,14.6089,-2.2308
oracle_gap,316,12.5610,14.0275,14.0295,1.4684
oracle_gap,317,13.6959,11.9801,12.0126,-1.6834
oracle_gap,318,18.9706,18.3043,18.3117,-0.6589
oracle_gap,319,14.9537,14.6056,14.6167,-0.3371
oracle_gap,320,14.3118,14.3616,14.3797,0.0679
oracle_gap,321,13.1273,16.8887,16.8951,3.7679
oracle_gap,322,13.7735,17.9491,17.9579,4.1844
oracle_gap,323,17.8304,16.5496,16.5599,-1.2706
oracle_gap,324,13.1795,12.6320,12.6575,-0.5220
oracle_gap,325,17.2847,17.8998,17.9270,0.6423
oracle_gap,326,17.5422,22.1335,22.1656,4.6234
oracle_gap,327,16.3073,15.4011,15.4200,-0.8874
oracle_gap,328,17.2464,16.4171,16.4179,-0.8284
oracle_gap,329,17.2202,16.8999,16.9335,-0.2866
oracle_gap,330,12.8359,14.4381,14.4583,1.6224
oracle_gap,331,16.7869,16.9182,16.9403,0.1534
oracle_gap,332,15.0010,14.8293,14.8527,-0.1482
oracle_gap,333,13.5092,14.7888,14.7926,1.2834
oracle_gap,334,12.4701,15.5774,15.6026,3.1325
oracle_gap,335,15.3304,15.7397,15.7583,0.4279
oracle_gap,336,14.9971,14.6155,14.6186,-0.3785
oracle_gap,337,13.8642,18.1780,18.2125,4.3484
oracle_gap,338,17.2938,18.0711,18.0822,0.7885
oracle_gap,339,16.1670,13.9814,13.9906,-2.1764
oracle_gap,340,12.7690,13.0076,13.0278,0.2589
oracle_gap,341,21.0297,20.0235,20.0285,-1.0011
oracle_gap,342,13.6701,11.9223,11.9367,-1.7335
oracle_gap,343,16.3767,15.2014,15.2218,-1.1549
oracle_gap,344,18.7067,16.0908,16.1159,-2.5907
oracle_gap,345,19.3247,16.9640,16.9917,-2.3330
oracle_gap,346,10.7606,12.6165,12.6449,1.8842
oracle_gap,347,17.4518,17.0947,17.1106,-0.3412
oracle_gap,348,14.1412,13.0148,13.0472,-1.0942
oracle_gap,349,16.8071,19.0806,19.0819,2.2748
oracle_gap,350,17.7479,14.8627,14.8749,-2.8730
oracle_gap,351,13.0957,13.6079,13.6158,0.5201
oracle_gap,352,12.9187,14.0110,14.0342,1.1154
oracle_gap,353,16.1568,16.7189,16.7224,0.5654
oracle_gap,354,13.4990,12.3548,12.3553,-1.1436
oracle_gap,355,19.0453,16.6054,16.6141,-2.4311
oracle_gap,356,12.4059,15.4908,15.5223,3.1164
oracle_gap,357,12.0651,15.9162,15.9373,3.8722
oracle_gap,358,14.2299,14.2245,14.2390,0.0091
oracle_gap,359,15.6547,15.4841,15.4861,-0.1686
oracle_gap,360,16.6169,14.0001,14.0212,-2.5956
oracle_gap,361,13.4218,13.5635,13.5726,0.1508
oracle_gap,362,20.5121,18.5969,18.6052,-1.9070
oracle_gap,363,13.6633,14.6862,14.7089,1.0456
oracle_gap,364,14.1791,10.2791,10.3004,-3.8786
oracle_gap,365,17.5452,13.5402,13.5608,-3.9845
oracle_gap,366,9.1689,11.3625,11.3629,2.1941
oracle_gap,367,12.5939,12.7012,12.7237,0.1298
oracle_gap,368,19.0022,13.7811,13.8070,-5.1952
oracle_gap,369,14.9450,14.0155,14.0320,-0.9131
oracle_gap,370,14.2019,16.0190,16.0474,1.8455
oracle_gap,371,20.2597,17.3011,17.3291,-2.9307
oracle_gap,372,15.2156,18.3959,18.4164,3.2008
oracle_gap,373,15.9668,17.5730,17.5763,1.6096
oracle_gap,374,15.0681,14.6175,14.6224,-0.4457
oracle_gap,375,12.4335,11.3495,11.3649,-1.0687
oracle_gap,376,15.3178,14.1232,14.1319,-1.1858
oracle_gap,377,17.7700,16.6073,16.6246,-1.1455
oracle_gap,378,14.5286,16.1791,16.1971,1.6685
oracle_gap,379,12.6206,15.9871,16.0154,3.3950
oracle_gap,380,17.1672,18.6927,18.7166,1.5494
oracle_gap,381,14.4596,14.1079,14.1262,-0.3333
oracle_gap,382,16.9977,16.5281,16.5293,-0.4684
oracle_gap,383,17.8723,15.8436,15.8582,-2.0141
oracle_gap,384,14.4102,14.3039,14.3163,-0.0937
oracle_gap,385,12.7563,15.0722,15.0723,2.3160
oracle_gap,386,15.5671,13.5174,13.5299,-2.0372
oracle_gap,387,15.1649,14.7248,14.7466,-0.4183
oracle_gap,388,11.4418,13.3395,13.3446,1.9028
oracle_gap,389,14.3996,16.2465,16.2552,1.8557
oracle_gap,390,13.0765,12.7086,12.7235,-0.3530
oracle_gap,391,16.0735,19.2819,19.2826,3.2091
oracle_gap,392,12.4519,13.3543,13.3790,0.9271
oracle_gap,393,16.1002,16.2779,16.2909,0.1908
oracle_gap,394,13.4397,14.1337,14.1550,0.7153
oracle_gap,395,20.5795,18.2199,18.2453,-2.3341
oracle_gap,396,15.0660,14.1727,14.1909,-0.8750
oracle_gap,397,16.3834,17.7547,17.7891,1.4058
oracle_gap,398,15.9785,18.1385,18.1466,2.1681
oracle_gap,399,9.8948,9.7932,9.7962,-0.0986
oracle_gap,400,18.7659,15.1980,15.2211,-3.5449
oracle_gap,401,12.5719,13.9861,13.9959,1.4240
oracle_gap,402,13.6922,14.1456,14.1694,0.4772
oracle_gap,403,16.0005,14.4389,14.4587,-1.5418
oracle_gap,404,11.6604,14.1236,14.1275,2.4670
oracle_gap,405,19.1134,18.0245,18.0330,-1.0804
oracle_gap,406,13.2671,13.8858,13.9009,0.6337
oracle_gap,407,16.8170,11.8177,11.8318,-4.9852
oracle_gap,408,13.3913,12.9895,13.0118,-0.3795
oracle_gap,409,15.8096,16.2604,16.2771,0.4676
oracle_gap,410,11.8844,14.9565,14.9733,3.0889
oracle_gap,411,18.3604,15.1908,15.2052,-3.1554
oracle_gap,412,12.5068,13.0085,13.0205,0.5137
oracle_gap,413,13.6953,15.2497,15.2637,1.5685
oracle_gap,414,12.4731,12.7161,12.7274,0.2542
oracle_gap,415,14.2856,15.9178,15.9264,1.6409
oracle_gap,416,13.9631,16.7027,16.7047,2.7416
oracle_gap,417,17.3041,16.0495,16.0552,-1.2489
oracle_gap,418,10.9806,13.9075,13.9280,2.9475
oracle_gap,419,11.4872,14.3033,14.3173,2.8301
oracle_gap,420,15.3767,11.6590,11.6613,-3.7154
oracle_gap,421,19.9934,14.4323,14.4515,-5.5419
oracle_gap,422,19.0697,18.2859,18.2904,-0.7793
oracle_gap,423,16.2206,13.4025,13.4325,-2.7881
oracle_gap,424,10.2368,15.2883,15.3136,5.0767
oracle_gap,425,16.6583,13.3159,13.3218,-3.3365
oracle_gap,426,11.4669,14.6500,14.6681,3.2012
oracle_gap,427,15.7461,15.5986,15.6185,-0.1275
oracle_gap,428,17.5611,16.4020,16.4077,-1.1534
oracle_gap,429,17.7389,16.1722,16.1900,-1.5490
oracle_gap,430,12.8119,16.2751,16.2993,3.4875
oracle_gap,431,17.9808,15.1937,15.2271,-2.7537
oracle_gap,432,16.5967,15.9194,15.9310,-0.6657
oracle_gap,433,14.8316,16.0211,16.0462,1.2146
oracle_gap,434,17.2755,18.2924,18.3059,1.0303
oracle_gap,435,11.4562,13.3638,13.3702,1.9140
oracle_gap,436,15.9297,12.6224,12.6621,-3.2676
oracle_gap,437,18.4457,13.1338,13.1417,-5.3040
oracle_gap,438,14.0461,15.3735,15.3892,1.3430
oracle_gap,439,20.7497,20.2212,20.2433,-0.5063
oracle_gap,440,14.4940,13.7523,13.7525,-0.7416
oracle_gap,441,16.2505,15.6251,15.6325,-0.6180
oracle_gap,442,13.7541,15.3771,15.4033,1.6492
oracle_gap,443,15.2133,16.9777,16.9816,1.7682
oracle_gap,444,13.6935,13.7633,13.7853,0.0918
oracle_gap,445,14.5776,17.0865,17.1135,2.5359
oracle_gap,446,16.3045,18.2325,18.2523,1.9478
oracle_gap,447,16.5413,17.4659,17.4714,0.9301
oracle_gap,448,16.9390,13.7184,13.7501,-3.1889
oracle_gap,449,16.4360,16.4755,16.4830,0.0472
oracle_gap,450,13.7064,15.1788,15.1883,1.4820
oracle_gap,451,13.3689,12.4063,12.4106,-0.9583
oracle_gap,452,16.6942,14.0643,14.0867,-2.6076
oracle_gap,453,17.1589,16.0434,16.0640,-1.0948
oracle_gap,454,13.4722,18.3962,18.3985,4.9264
oracle_gap,455,14.0840,13.0212,13.0265,-1.0574
oracle_gap,456,13.7984,11.0144,11.0293,-2.7690
oracle_gap,457,14.5854,22.9180,22.9222,8.3368
oracle_gap,458,15.8231,16.2095,16.2353,0.4122
oracle_gap,459,15.4406,14.9146,14.9188,-0.5218
oracle_gap,460,15.5419,13.7569,13.7698,-1.7721
oracle_gap,461,10.4378,10.9102,10.9207,0.4829
oracle_gap,462,16.0398,13.3715,13.3717,-2.6681
oracle_gap,463,19.4675,16.8738,16.8752,-2.5922
oracle_gap,464,15.1540,15.1308,15.1531,-0.0009
oracle_gap,465,16.9976,14.8831,14.8972,-2.1003
oracle_gap,466,15.7542,17.2791,17.3062,1.5520
oracle_gap,467,18.4137,17.7599,17.7778,-0.6359
oracle_gap,468,17.4328,15.2894,15.2996,-2.1331
oracle_gap,469,15.4508,15.6513,15.6579,0.2071
oracle_gap,470,17.0216,17.2010,17.2115,0.1899
oracle_gap,471,20.6710,17.2035,17.2177,-3.4533
oracle_gap,472,14.9870,18.9952,18.9996,4.0126
oracle_gap,473,13.9585,13.4215,13.4365,-0.5220
oracle_gap,474,14.0045,13.9677,13.9818,-0.0227
oracle_gap,475,17.1693,13.2146,13.2361,-3.9332
oracle_gap,476,11.9177,14.4867,14.4961,2.5783
oracle_gap,477,12.6398,11.1991,11.2228,-1.4170
oracle_gap,478,14.6882,16.1592,16.1696,1.4814
oracle_gap,479,14.3900,14.9730,14.9913,0.6013
oracle_gap,480,10.7387,13.1648,13.1756,2.4370
oracle_gap,481,13.5732,15.9231,15.9501,2.3769
oracle_gap,482,16.0210,18.8012,18.8166,2.7954
oracle_gap,483,16.8030,15.5935,15.6232,-1.1800
oracle_gap,484,13.0020,12.0302,12.0302,-0.9718
oracle_gap,485,19.5245,16.0587,16.0879,-3.4366
oracle_gap,486,15.6631,16.3440,16.3446,0.6815
oracle_gap,487,18.0314,16.5036,16.5078,-1.5235
oracle_gap,488,15.7867,14.9575,14.9744,-0.8122
oracle_gap,489,14.2364,14.8131,14.8322,0.5957
oracle_gap,490,15.5348,16.2929,16.3150,0.7803
oracle_gap,491,14.2900,16.1412,16.1553,1.8652
oracle_gap,492,18.2811,18.3179,18.3209,0.0397
oracle_gap,493,17.2616,15.8495,15.8726,-1.3891
oracle_gap,494,15.4265,16.1533,16.1546,0.7281
oracle_gap,495,15.2858,13.7397,13.7444,-1.5414
oracle_gap,496,15.6691,14.2185,14.2219,-1.4472
oracle_gap,497,12.4020,12.4310,12.4418,0.0398
oracle_gap,498,11.9031,14.2604,14.2833,2.3801
oracle_gap,499,11.7864,13.8711,13.8855,2.0992
oracle_gap,500,17.2578,17.2680,17.2984,0.0406
oracle_gap,501,16.0511,13.3634,13.3669,-2.6841
oracle_gap,502,16.7952,17.2134,17.2342,0.4389
oracle_gap,503,19.9652,18.6366,18.6471,-1.3182
oracle_gap,504,14.0091,13.6932,13.7211,-0.2879
oracle_gap,505,14.7864,14.2934,14.3072,-0.4790
oracle_gap,506,14.8332,17.3665,17.3753,2.5421
oracle_gap,507,16.2275,19.2241,19.2357,3.0081
oracle_gap,508,15.4568,17.6667,17.6687,2.2118
oracle_gap,509,15.1970,14.7206,14.7304,-0.4665
oracle_gap,510,13.8582,16.3675,16.3873,2.5291
oracle_gap,511,18.6224,16.4588,16.4592,-2.1632
oracle_gap,512,16.5841,18.7481,18.7737,2.1895
oracle_gap,513,14.8216,10.2519,10.2631,-4.5586
oracle_gap,514,12.8135,11.1744,11.1750,-1.6385
oracle_gap,515,15.5174,18.1248,18.1292,2.6117
oracle_gap,516,14.6116,20.1655,20.1667,5.5550
oracle_gap,517,12.0307,14.0978,14.1081,2.0774
oracle_gap,518,12.8524,10.6920,10.7031,-2.1493
oracle_gap,519,18.1624,17.1865,17.1957,-0.9666
oracle_gap,520,16.3940,16.8730,16.8790,0.4850
oracle_gap,521,15.4511,11.6950,11.7248,-3.7262
oracle_gap,522,12.9176,13.6102,13.6332,0.7155
oracle_gap,523,11.7293,14.2784,14.2843,2.5550
oracle_gap,524,14.9290,15.3676,15.3878,0.4589
oracle_gap,525,10.6081,9.8321,9.8517,-0.7564
oracle_gap,526,15.3874,18.3077,18.3298,2.9425
oracle_gap,527,14.2939,17.2928,17.2977,3.0038
oracle_gap,528,13.4924,15.8002,15.8131,2.3207
oracle_gap,529,14.6968,17.6555,17.6680,2.9712
oracle_gap,530,14.0955,16.1515,16.1800,2.0844
oracle_gap,531,13.1978,11.7656,11.7809,-1.4169
oracle_gap,532,19.1082,15.3136,15.3404,-3.7678
oracle_gap,533,14.7080,17.2211,17.2223,2.5142
oracle_gap,534,17.6406,16.3211,16.3498,-1.2907
oracle_gap,535,21.8266,17.7729,17.7935,-4.0331
oracle_gap,536,11.0308,12.1059,12.1241,1.0932
oracle_gap,537,14.4424,15.5958,15.6024,1.1602
oracle_gap,538,11.7008,13.3697,13.3716,1.6708
oracle_gap,539,18.3202,13.3479,13.3522,-4.9681
oracle_gap,540,17.1856,17.2177,17.2372,0.0517
oracle_gap,541,14.2075,13.7386,13.7509,-0.4566
inventory_gap,42,1.8676,1.7740,1.7758,-0.0918
inventory_gap,43,1.6098,1.6573,1.6587,0.0488
inventory_gap,44,1.9416,1.8981,1.8997,-0.0419
inventory_gap,45,1.9571,2.0056,2.0064,0.0494
inventory_gap,46,1.8686,1.9210,1.9211,0.0525
inventory_gap,47,1.7678,1.7663,1.7666,-0.0012
inventory_gap,48,1.8192,1.9524,1.9529,0.1336
inventory_gap,49,1.6892,1.7560,1.7564,0.0671
inventory_gap,50,1.7631,1.6485,1.6488,-0.1142
inventory_gap,51,2.0457,2.0123,2.0130,-0.0326
inventory_gap,52,2.1548,1.9678,1.9681,-0.1868
inventory_gap,53,1.8030,1.7398,1.7401,-0.0628
inventory_gap,54,1.8373,1.8776,1.8796,0.0423
inventory_gap,55,1.7071,1.8413,1.8434,0.1363
inventory_gap,56,1.7626,1.8220,1.8222,0.0597
inventory_gap,57,1.7212,1.7086,1.7099,-0.0113
inventory_gap,58,1.8709,1.9157,1.9168,0.0459
inventory_gap,59,1.9087,1.8076,1.8087,-0.1001
inventory_gap,60,1.5730,1.6375,1.6384,0.0654
inventory_gap,61,1.4502,1.5587,1.5587,0.1085
inventory_gap,62,1.8256,1.6312,1.6323,-0.1933
inventory_gap,63,1.8833,1.7105,1.7118,-0.1715
inventory_gap,64,2.0652,1.9828,1.9833,-0.0818
inventory_gap,65,1.8365,1.7558,1.7570,-0.0795
inventory_gap,66,1.9061,1.8574,1.8578,-0.0483
inventory_gap,67,1.8246,1.9734,1.9753,0.1507
inventory_gap,68,1.9761,2.0501,2.0512,0.0751
inventory_gap,69,1.9918,1.9612,1.9614,-0.0305
inventory_gap,70,1.9844,1.9364,1.9375,-0.0468
inventory_gap,71,1.6288,1.7449,1.7455,0.1167
inventory_gap,72,1.8827,1.7889,1.7907,-0.0920
inventory_gap,73,1.8480,1.8043,1.8050,-0.0428
inventory_gap,74,1.5861,1.6493,1.6496,0.0635
inventory_gap,75,2.1417,2.0104,2.0107,-0.1310
inventory_gap,76,1.6358,1.5172,1.5183,-0.1175
inventory_gap,77,1.5517,1.6865,1.6884,0.1366
inventory_gap,78,1.9772,1.8077,1.8080,-0.1691
inventory_gap,79,1.5066,1.5913,1.5926,0.0859
inventory_gap,80,1.7504,1.7157,1.7165,-0.0339
inventory_gap,81,1.7718,1.7497,1.7502,-0.0215
inventory_gap,82,1.8157,1.8364,1.8364,0.0208
inventory_gap,83,1.8547,1.6694,1.6696,-0.1851
inventory_gap,84,1.8357,1.8158,1.8169,-0.0188
inventory_gap,85,1.6153,1.7465,1.7472,0.1319
inventory_gap,86,1.8144,1.7891,1.7898,-0.0246
inventory_gap,87,1.8075,1.8734,1.8736,0.0661
inventory_gap,88,1.5584,1.6048,1.6060,0.0475
inventory_gap,89,1.9935,2.0311,2.0313,0.0378
inventory_gap,90,1.6121,1.6771,1.6774,0.0652
inventory_gap,91,1.6142,1.6700,1.6723,0.0579
inventory_gap,92,1.6440,1.7889,1.7893,0.1452
inventory_gap,93,1.7777,1.8020,1.8023,0.0246
inventory_gap,94,1.6136,1.6727,1.6745,0.0609
inventory_gap,95,1.7470,1.6711,1.6713,-0.0757
inventory_gap,96,1.6461,1.8003,1.8007,0.1546
inventory_gap,97,2.1371,2.0322,2.0331,-0.1040
inventory_gap,98,1.5176,1.7081,1.7092,0.1917
inventory_gap,99,1.7018,1.7158,1.7170,0.0152
inventory_gap,100,1.6885,1.8630,1.8635,0.1750
inventory_gap,101,1.7280,1.6807,1.6812,-0.0468
inventory_gap,102,1.7870,1.6138,1.6154,-0.1717
inventory_gap,103,1.5866,1.6808,1.6823,0.0958
inventory_gap,104,1.7358,1.8132,1.8144,0.0786
inventory_gap,105,1.7834,1.6975,1.6976,-0.0858
inventory_gap,106,2.0314,1.9430,1.9445,-0.0869
inventory_gap,107,1.9368,1.7797,1.7810,-0.1559
inventory_gap,108,1.8329,1.8458,1.8465,0.0136
inventory_gap,109,1.8242,1.6983,1.6990,-0.1252
inventory_gap,110,1.7425,1.7591,1.7599,0.0173
inventory_gap,111,1.4447,1.6566,1.6573,0.2126
inventory_gap,112,1.6956,1.6390,1.6394,-0.0562
inventory_gap,113,1.6003,1.6316,1.6331,0.0327
inventory_gap,114,2.0377,1.9064,1.9065,-0.1313
inventory_gap,115,1.7527,1.6963,1.6975,-0.0551
inventory_gap,116,1.7644,1.5205,1.5219,-0.2424
inventory_gap,117,1.9376,1.7416,1.7422,-0.1954
inventory_gap,118,1.8729,1.9128,1.9130,0.0401
inventory_gap,119,1.9089,1.9163,1.9181,0.0092
inventory_gap,120,1.6190,1.7574,1.7578,0.1388
inventory_gap,121,1.7104,1.6993,1.7016,-0.0090
inventory_gap,122,1.9968,1.9708,1.9708,-0.0260
inventory_gap,123,1.9164,1.8918,1.8928,-0.0236
inventory_gap,124,2.0616,1.8739,1.8740,-0.1876
inventory_gap,125,2.0528,2.0512,2.0524,-0.0003
inventory_gap,126,1.7257,1.5282,1.5283,-0.1974
inventory_gap,127,1.9193,1.7085,1.7103,-0.2090
inventory_gap,128,1.9714,1.8956,1.8965,-0.0750
inventory_gap,129,1.6244,1.8909,1.8912,0.2668
inventory_gap,130,1.7379,1.7544,1.7548,0.0169
inventory_gap,131,1.9395,1.9021,1.9037,-0.0357
inventory_gap,132,1.5576,1.8145,1.8165,0.2589
inventory_gap,133,1.5671,1.6119,1.6138,0.0467
inventory_gap,134,1.6492,1.6643,1.6651,0.0159
inventory_gap,135,2.0139,1.8168,1.8174,-0.1966
inventory_gap,136,2.0249,1.9323,1.9324,-0.0925
inventory_gap,137,1.5895,1.8227,1.8230,0.2335
inventory_gap,138,1.5779,1.5303,1.5303,-0.0475
inventory_gap,139,2.2435,2.1143,2.1143,-0.1291
inventory_gap,140,1.8143,1.7844,1.7858,-0.0286
inventory_gap,141,1.6002,1.6035,1.6054,0.0051
inventory_gap,142,1.7311,1.8049,1.8068,0.0757
inventory_gap,143,2.0700,1.9787,1.9789,-0.0911
inventory_gap,144,1.4382,1.4818,1.4825,0.0443
inventory_gap,145,1.6654,1.6847,1.6859,0.0205
inventory_gap,146,1.9680,1.7095,1.7101,-0.2579
inventory_gap,147,1.8217,2.0142,2.0143,0.1926
inventory_gap,148,1.7995,1.7660,1.7686,-0.0309
inventory_gap,149,1.8480,1.9517,1.9534,0.1054
inventory_gap,150,1.7268,1.7976,1.7978,0.0710
inventory_gap,151,1.5537,1.4833,1.4840,-0.0697
inventory_gap,152,1.8653,1.8465,1.8469,-0.0185
inventory_gap,153,1.8182,1.7175,1.7191,-0.0990
inventory_gap,154,2.0664,1.8948,1.8950,-0.1712
inventory_gap,155,1.8290,1.7909,1.7926,-0.0364
inventory_gap,156,1.9273,1.9046,1.9047,-0.0226
inventory_gap,157,1.4725,1.6586,1.6608,0.1883
inventory_gap,158,1.2447,1.3634,1.3637,0.1190
inventory_gap,159,1.6872,1.7077,1.7088,0.0215
inventory_gap,160,1.7131,1.6825,1.6826,-0.0304
inventory_gap,161,1.8111,1.7250,1.7262,-0.0850
inventory_gap,162,1.7918,1.7854,1.7866,-0.0052
inventory_gap,163,1.6632,1.8655,1.8661,0.2030
inventory_gap,164,1.9321,1.9515,1.9518,0.0197
inventory_gap,165,1.7015,1.6058,1.6062,-0.0953
inventory_gap,166,1.5928,1.7325,1.7339,0.1411
inventory_gap,167,1.5948,1.6148,1.6157,0.0209
inventory_gap,168,1.6650,1.6886,1.6893,0.0243
inventory_gap,169,1.8708,1.9428,1.9436,0.0728
inventory_gap,170,1.8294,1.8857,1.8869,0.0574
inventory_gap,171,1.5376,1.7099,1.7109,0.1734
inventory_gap,172,1.8550,1.8088,1.8087,-0.0462
inventory_gap,173,1.7180,1.7206,1.7215,0.0036
inventory_gap,174,1.3989,1.6363,1.6393,0.2403
inventory_gap,175,1.5625,1.8040,1.8069,0.2444
inventory_gap,176,2.1037,2.0229,2.0229,-0.0807
inventory_gap,177,1.7517,1.6299,1.6306,-0.1211
inventory_gap,178,1.9469,1.7500,1.7504,-0.1964
inventory_gap,179,1.8316,1.7885,1.7888,-0.0429
inventory_gap,180,1.9491,2.0821,2.0838,0.1347
inventory_gap,181,1.9196,1.8179,1.8185,-0.1011
inventory_gap,182,2.0521,1.7995,1.7997,-0.2524
inventory_gap,183,1.8529,1.8131,1.8141,-0.0387
inventory_gap,184,1.9065,1.7934,1.7949,-0.1117
inventory_gap,185,1.8171,1.9396,1.9410,0.1239
inventory_gap,186,1.5117,1.7014,1.7028,0.1911
inventory_gap,187,1.8738,1.7537,1.7558,-0.1180
inventory_gap,188,1.7841,1.8837,1.8846,0.1005
inventory_gap,189,1.5569,1.5967,1.5981,0.0412
inventory_gap,190,1.7435,1.7755,1.7758,0.0323
inventory_gap,191,1.8528,1.6406,1.6428,-0.2100
inventory_gap,192,1.9739,1.9017,1.9021,-0.0718
inventory_gap,193,2.1264,2.0095,2.0097,-0.1168
inventory_gap,194,2.0497,1.8731,1.8742,-0.1756
inventory_gap,195,1.7106,1.5582,1.5584,-0.1522
inventory_gap,196,1.4733,1.6136,1.6137,0.1404
inventory_gap,197,2.1329,1.9078,1.9087,-0.2242
inventory_gap,198,1.5128,1.6088,1.6092,0.0964
inventory_gap,199,1.8038,1.7560,1.7567,-0.0471
inventory_gap,200,2.1147,2.0791,2.0799,-0.0349
inventory_gap,201,1.7948,1.8139,1.8149,0.0201
inventory_gap,202,1.6633,1.7039,1.7041,0.0407
inventory_gap,203,1.8034,1.8424,1.8426,0.0391
inventory_gap,204,1.9623,1.9286,1.9297,-0.0326
inventory_gap,205,1.8722,1.7858,1.7863,-0.0859
inventory_gap,206,1.7104,1.7544,1.7564,0.0461
inventory_gap,207,1.5500,1.5354,1.5356,-0.0144
inventory_gap,208,1.7801,1.9619,1.9629,0.1828
inventory_gap,209,1.7833,1.8427,1.8436,0.0602
inventory_gap,210,1.5533,1.6742,1.6749,0.1216
inventory_gap,211,1.6748,1.7027,1.7032,0.0284
inventory_gap,212,1.9985,2.0643,2.0651,0.0667
inventory_gap,213,1.7241,1.7439,1.7446,0.0204
inventory_gap,214,1.8841,1.7152,1.7160,-0.1681
inventory_gap,215,1.7224,1.7918,1.7940,0.0716
inventory_gap,216,1.8405,1.7257,1.7259,-0.1146
inventory_gap,217,1.6464,1.6316,1.6321,-0.0143
inventory_gap,218,1.4197,1.7437,1.7447,0.3249
inventory_gap,219,1.4475,1.6703,1.6706,0.2232
inventory_gap,220,1.7501,1.7854,1.7857,0.0355
inventory_gap,221,1.9321,1.9407,1.9409,0.0087
inventory_gap,222,1.7694,1.7353,1.7370,-0.0323
inventory_gap,223,1.7185,1.8954,1.8968,0.1784
inventory_gap,224,1.6817,1.8259,1.8276,0.1459
inventory_gap,225,2.0322,1.8584,1.8585,-0.1737
inventory_gap,226,1.9734,1.9356,1.9357,-0.0377
inventory_gap,227,1.6452,1.7308,1.7319,0.0867
inventory_gap,228,1.9661,1.8632,1.8639,-0.1022
inventory_gap,229,1.7848,1.7551,1.7555,-0.0293
inventory_gap,230,1.6636,1.7195,1.7207,0.0571
inventory_gap,231,1.6795,1.7764,1.7774,0.0979
inventory_gap,232,1.8883,1.7589,1.7590,-0.1293
inventory_gap,233,1.9526,1.7194,1.7196,-0.2330
inventory_gap,234,1.5227,1.5089,1.5091,-0.0137
inventory_gap,235,1.7513,1.7336,1.7351,-0.0163
inventory_gap,236,1.6039,1.5855,1.5863,-0.0175
inventory_gap,237,1.7279,1.8260,1.8272,0.0992
inventory_gap,238,1.6306,1.6041,1.6056,-0.0249
inventory_gap,239,2.0504,1.9080,1.9088,-0.1414
inventory_gap,240,1.5296,1.5743,1.5745,0.0450
inventory_gap,241,1.4333,1.6020,1.6032,0.1698
inventory_gap,242,1.6204,1.6386,1.6392,0.0188
inventory_gap,243,1.5159,1.5585,1.5595,0.0436
inventory_gap,244,1.9039,1.7914,1.7917,-0.1122
inventory_gap,245,1.7417,1.6596,1.6600,-0.0817
inventory_gap,246,1.7648,1.8929,1.8931,0.1283
inventory_gap,247,2.0738,1.8933,1.8956,-0.1781
inventory_gap,248,1.8339,1.7322,1.7325,-0.1014
inventory_gap,249,1.8746,1.7758,1.7763,-0.0983
inventory_gap,250,1.7163,1.7598,1.7606,0.0443
inventory_gap,251,1.6256,1.8725,1.8734,0.2479
inventory_gap,252,1.4836,1.5891,1.5906,0.1070
inventory_gap,253,1.6080,1.8838,1.8844,0.2764
inventory_gap,254,1.9055,2.0491,2.0507,0.1452
inventory_gap,255,1.9111,1.8123,1.8142,-0.0968
inventory_gap,256,1.7707,1.6643,1.6648,-0.1058
inventory_gap,257,1.6840,1.5460,1.5471,-0.1369
inventory_gap,258,1.7055,1.7748,1.7753,0.0698
inventory_gap,259,1.9737,1.9756,1.9769,0.0032
inventory_gap,260,1.7363,1.6990,1.6993,-0.0369
inventory_gap,261,1.7954,1.9313,1.9323,0.1370
inventory_gap,262,1.8092,1.7943,1.7944,-0.0149
inventory_gap,263,1.6645,1.7275,1.7281,0.0637
inventory_gap,264,1.5245,1.7299,1.7306,0.2060
inventory_gap,265,1.9277,1.7766,1.7774,-0.1503
inventory_gap,266,1.8669,1.8680,1.8688,0.0019
inventory_gap,267,1.6966,1.7389,1.7400,0.0434
inventory_gap,268,1.7075,1.7894,1.7904,0.0830
inventory_gap,269,1.6244,1.7602,1.7613,0.1370
inventory_gap,270,1.8795,1.7926,1.7937,-0.0857
inventory_gap,271,1.8535,1.8156,1.8170,-0.0366
inventory_gap,272,1.8749,1.8536,1.8544,-0.0206
inventory_gap,273,1.7496,1.7634,1.7645,0.0149
inventory_gap,274,1.7019,1.7325,1.7343,0.0324
inventory_gap,275,1.6136,1.7767,1.7768,0.1632
inventory_gap,276,1.6407,1.7208,1.7213,0.0805
inventory_gap,277,1.6462,1.6696,1.6703,0.0240
inventory_gap,278,1.5648,1.7342,1.7355,0.1706
inventory_gap,279,1.7106,1.6483,1.6484,-0.0621
inventory_gap,280,1.8189,1.7168,1.7191,-0.0998
inventory_gap,281,1.7774,1.8236,1.8239,0.0466
inventory_gap,282,1.5201,1.7806,1.7817,0.2616
inventory_gap,283,1.4413,1.4620,1.4626,0.0214
inventory_gap,284,1.8938,1.8887,1.8902,-0.0036
inventory_gap,285,1.4045,1.5346,1.5367,0.1321
inventory_gap,286,1.7460,1.7879,1.7887,0.0427
inventory_gap,287,2.1716,2.0144,2.0145,-0.1570
inventory_gap,288,1.9602,2.0724,2.0743,0.1140
inventory_gap,289,1.4762,1.6890,1.6904,0.2142
inventory_gap,290,1.7752,1.8146,1.8165,0.0413
inventory_gap,291,1.7525,1.6249,1.6264,-0.1261
inventory_gap,292,2.1778,2.0238,2.0256,-0.1522
inventory_gap,293,1.9338,1.9176,1.9186,-0.0151
inventory_gap,294,1.7916,1.8720,1.8721,0.0805
inventory_gap,295,1.7290,1.8894,1.8897,0.1607
inventory_gap,296,1.7720,1.9162,1.9165,0.1445
inventory_gap,297,1.9710,1.9045,1.9059,-0.0651
inventory_gap,298,1.6426,1.5806,1.5816,-0.0610
inventory_gap,299,1.7717,1.7138,1.7144,-0.0574
inventory_gap,300,1.6623,1.7223,1.7236,0.0613
inventory_gap,301,1.9267,1.7677,1.7680,-0.1587
inventory_gap,302,1.8746,1.7791,1.7799,-0.0947
inventory_gap,303,2.0275,1.8822,1.8826,-0.1449
inventory_gap,304,1.5910,1.5611,1.5617,-0.0293
inventory_gap,305,1.6736,1.7110,1.7115,0.0378
inventory_gap,306,1.8821,1.8767,1.8776,-0.0044
inventory_gap,307,1.5680,1.5579,1.5581,-0.0100
inventory_gap,308,1.8571,1.7025,1.7029,-0.1542
inventory_gap,309,1.6877,1.7142,1.7156,0.0279
inventory_gap,310,1.7871,1.7943,1.7943,0.0073
inventory_gap,311,2.0020,1.8495,1.8504,-0.1516
inventory_gap,312,1.7951,1.8178,1.8181,0.0230
inventory_gap,313,2.3427,1.9827,1.9830,-0.3597
inventory_gap,314,1.5720,1.5817,1.5828,0.0107
inventory_gap,315,1.9319,1.8146,1.8159,-0.1161
inventory_gap,316,1.6173,1.6906,1.6906,0.0733
inventory_gap,317,1.7049,1.6130,1.6152,-0.0896
inventory_gap,318,2.0580,2.0061,2.0065,-0.0515
inventory_gap,319,1.8143,1.7953,1.7960,-0.0184
inventory_gap,320,1.7385,1.7344,1.7356,-0.0029
inventory_gap,321,1.5772,1.7658,1.7661,0.1890
inventory_gap,322,1.6084,1.8299,1.8305,0.2220
inventory_gap,323,1.9813,1.9249,1.9257,-0.0557
inventory_gap,324,1.6753,1.6370,1.6387,-0.0365
inventory_gap,325,1.9248,1.9451,1.9469,0.0220
inventory_gap,326,1.8797,2.1118,2.1142,0.2345
inventory_gap,327,1.8484,1.7857,1.7868,-0.0616
inventory_gap,328,1.9330,1.8788,1.8788,-0.0541
inventory_gap,329,1.9640,1.9438,1.9463,-0.0177
inventory_gap,330,1.6096,1.7032,1.7044,0.0949
inventory_gap,331,1.8295,1.8302,1.8316,0.0021
inventory_gap,332,1.7557,1.7475,1.7489,-0.0068
inventory_gap,333,1.6025,1.6925,1.6928,0.0903
inventory_gap,334,1.5469,1.6959,1.6975,0.1506
inventory_gap,335,1.7902,1.8020,1.8032,0.0131
inventory_gap,336,1.8342,1.7977,1.7980,-0.0362
inventory_gap,337,1.6892,1.9125,1.9150,0.2259
inventory_gap,338,1.9934,2.0222,2.0228,0.0294
inventory_gap,339,1.8197,1.7221,1.7228,-0.0968
inventory_gap,340,1.6251,1.6371,1.6383,0.0133
inventory_gap,341,2.0692,2.0381,2.0385,-0.0308
inventory_gap,342,1.6564,1.5717,1.5725,-0.0840
inventory_gap,343,1.8172,1.7540,1.7549,-0.0623
inventory_gap,344,2.0848,1.9632,1.9647,-0.1200
inventory_gap,345,2.1259,2.0147,2.0164,-0.1096
inventory_gap,346,1.4821,1.5821,1.5841,0.1018
inventory_gap,347,1.9176,1.9184,1.9194,0.0018
inventory_gap,348,1.7371,1.6747,1.6770,-0.0602
inventory_gap,349,1.8557,1.9724,1.9726,0.1169
inventory_gap,350,2.0139,1.8731,1.8739,-0.1401
inventory_gap,351,1.6628,1.7038,1.7041,0.0414
inventory_gap,352,1.6306,1.6817,1.6831,0.0524
inventory_gap,353,1.8223,1.8576,1.8578,0.0354
inventory_gap,354,1.6823,1.6244,1.6244,-0.0578
inventory_gap,355,2.0145,1.8821,1.8825,-0.1320
inventory_gap,356,1.5987,1.7395,1.7417,0.1430
inventory_gap,357,1.5231,1.7069,1.7080,0.1849
inventory_gap,358,1.7748,1.7709,1.7717,-0.0031
inventory_gap,359,1.7752,1.7650,1.7651,-0.0101
inventory_gap,360,1.8792,1.7440,1.7451,-0.1340
inventory_gap,361,1.7327,1.7453,1.7458,0.0131
inventory_gap,362,2.1489,2.0480,2.0487,-0.1002
inventory_gap,363,1.6136,1.6714,1.6727,0.0591
inventory_gap,364,1.7227,1.5390,1.5403,-0.1823
inventory_gap,365,1.9864,1.7901,1.7915,-0.1949
inventory_gap,366,1.3156,1.4225,1.4226,0.1070
inventory_gap,367,1.5442,1.5396,1.5407,-0.0035
inventory_gap,368,2.1137,1.8545,1.8560,-0.2578
inventory_gap,369,1.7763,1.7464,1.7473,-0.0291
inventory_gap,370,1.6944,1.7932,1.7951,0.1007
inventory_gap,371,2.0774,1.9429,1.9446,-0.1330
inventory_gap,372,1.7597,1.9148,1.9160,0.1563
inventory_gap,373,1.8336,1.9145,1.9147,0.0811
inventory_gap,374,1.7862,1.7713,1.7714,-0.0147
inventory_gap,375,1.5735,1.5249,1.5258,-0.0479
inventory_gap,376,1.8330,1.7788,1.7791,-0.0539
inventory_gap,377,1.9346,1.8785,1.8795,-0.0552
inventory_gap,378,1.7009,1.7871,1.7881,0.0872
inventory_gap,379,1.5304,1.7069,1.7089,0.1786
inventory_gap,380,1.9061,1.9714,1.9727,0.0666
inventory_gap,381,1.7559,1.7590,1.7601,0.0043
inventory_gap,382,1.9051,1.8924,1.8925,-0.0126
inventory_gap,383,1.9649,1.8566,1.8574,-0.1076
inventory_gap,384,1.7243,1.7245,1.7252,0.0010
inventory_gap,385,1.5516,1.6648,1.6649,0.1134
inventory_gap,386,1.7865,1.6879,1.6886,-0.0980
inventory_gap,387,1.7898,1.7658,1.7672,-0.0226
inventory_gap,388,1.5295,1.6045,1.6046,0.0751
inventory_gap,389,1.7400,1.8285,1.8288,0.0888
inventory_gap,390,1.7305,1.7251,1.7258,-0.0046
inventory_gap,391,1.7999,1.9582,1.9583,0.1584
inventory_gap,392,1.6474,1.6902,1.6917,0.0444
inventory_gap,393,1.8115,1.8243,1.8249,0.0135
inventory_gap,394,1.6130,1.6495,1.6509,0.0378
inventory_gap,395,2.1219,2.0106,2.0123,-0.1095
inventory_gap,396,1.8059,1.7512,1.7523,-0.0536
inventory_gap,397,1.8777,1.9419,1.9445,0.0668
inventory_gap,398,1.7774,1.8785,1.8789,0.1015
inventory_gap,399,1.4427,1.4279,1.4280,-0.0146
inventory_gap,400,2.0512,1.8694,1.8710,-0.1803
inventory_gap,401,1.5724,1.6425,1.6431,0.0707
inventory_gap,402,1.6469,1.6597,1.6610,0.0142
inventory_gap,403,1.8044,1.7269,1.7280,-0.0764
inventory_gap,404,1.4945,1.6039,1.6040,0.1095
inventory_gap,405,2.0798,2.0304,2.0309,-0.0489
inventory_gap,406,1.6187,1.6648,1.6656,0.0468
inventory_gap,407,1.9313,1.6792,1.6799,-0.2514
inventory_gap,408,1.6788,1.6695,1.6708,-0.0080
inventory_gap,409,1.7401,1.7759,1.7768,0.0368
inventory_gap,410,1.4870,1.6385,1.6393,0.1523
inventory_gap,411,2.0330,1.8662,1.8672,-0.1659
inventory_gap,412,1.6041,1.6260,1.6267,0.0226
inventory_gap,413,1.6675,1.7416,1.7424,0.0750
inventory_gap,414,1.5939,1.6203,1.6209,0.0271
inventory_gap,415,1.7162,1.8026,1.8031,0.0869
inventory_gap,416,1.6079,1.7548,1.7550,0.1471
inventory_gap,417,1.8965,1.8320,1.8323,-0.0642
inventory_gap,418,1.4555,1.6035,1.6049,0.1495
inventory_gap,419,1.4729,1.6240,1.6249,0.1520
inventory_gap,420,1.8227,1.6544,1.6544,-0.1683
inventory_gap,421,2.2249,1.9345,1.9356,-0.2894
inventory_gap,422,2.0346,1.9950,1.9953,-0.0393
inventory_gap,423,1.8649,1.7165,1.7185,-0.1463
inventory_gap,424,1.3565,1.6160,1.6177,0.2611
inventory_gap,425,1.9490,1.7690,1.7694,-0.1797
inventory_gap,426,1.4476,1.6159,1.6170,0.1693
inventory_gap,427,1.8927,1.8781,1.8793,-0.0134
inventory_gap,428,1.9892,1.9276,1.9279,-0.0613
inventory_gap,429,1.9856,1.8860,1.8871,-0.0986
inventory_gap,430,1.5683,1.7502,1.7517,0.1834
inventory_gap,431,1.9593,1.8167,1.8192,-0.1401
inventory_gap,432,1.9248,1.8780,1.8787,-0.0461
inventory_gap,433,1.7059,1.7652,1.7667,0.0609
inventory_gap,434,1.9081,1.9726,1.9734,0.0653
inventory_gap,435,1.4936,1.5778,1.5782,0.0846
inventory_gap,436,1.8252,1.6596,1.6631,-0.1622
inventory_gap,437,2.0390,1.7635,1.7640,-0.2750
inventory_gap,438,1.7168,1.7772,1.7778,0.0611
inventory_gap,439,2.1899,2.1685,2.1699,-0.0199
inventory_gap,440,1.7487,1.6982,1.6983,-0.0504
inventory_gap,441,1.9487,1.9047,1.9053,-0.0434
inventory_gap,442,1.6655,1.7539,1.7555,0.0900
inventory_gap,443,1.7091,1.7936,1.7939,0.0848
inventory_gap,444,1.6754,1.6937,1.6949,0.0194
inventory_gap,445,1.7194,1.8597,1.8614,0.1420
inventory_gap,446,1.7427,1.8599,1.8610,0.1182
inventory_gap,447,1.8505,1.9015,1.9017,0.0512
inventory_gap,448,1.9562,1.7834,1.7856,-0.1706
inventory_gap,449,1.7808,1.7921,1.7924,0.0117
inventory_gap,450,1.6604,1.7185,1.7191,0.0588
inventory_gap,451,1.6961,1.6432,1.6432,-0.0529
inventory_gap,452,1.9226,1.7988,1.8002,-0.1224
inventory_gap,453,1.9417,1.8795,1.8808,-0.0609
inventory_gap,454,1.6390,1.8865,1.8869,0.2479
inventory_gap,455,1.6806,1.6161,1.6162,-0.0643
inventory_gap,456,1.6951,1.5536,1.5544,-0.1406
inventory_gap,457,1.5845,1.9882,1.9884,0.4040
inventory_gap,458,1.8050,1.8400,1.8415,0.0365
inventory_gap,459,1.7737,1.7640,1.7643,-0.0095
inventory_gap,460,1.7778,1.6873,1.6881,-0.0897
inventory_gap,461,1.4484,1.4741,1.4747,0.0263
inventory_gap,462,1.8773,1.7258,1.7260,-0.1513
inventory_gap,463,2.1062,1.9676,1.9677,-0.1384
inventory_gap,464,1.7926,1.7856,1.7871,-0.0055
inventory_gap,465,1.8968,1.7980,1.7988,-0.0979
inventory_gap,466,1.7819,1.8596,1.8614,0.0795
inventory_gap,467,1.9884,1.9350,1.9362,-0.0523
inventory_gap,468,1.9337,1.8290,1.8296,-0.1041
inventory_gap,469,1.7754,1.7875,1.7879,0.0125
inventory_gap,470,1.8829,1.8966,1.8972,0.0143
inventory_gap,471,2.1772,2.0043,2.0050,-0.1721
inventory_gap,472,1.7137,1.9171,1.9171,0.2034
inventory_gap,473,1.7444,1.7247,1.7255,-0.0188
inventory_gap,474,1.6922,1.6898,1.6907,-0.0015
inventory_gap,475,1.9655,1.7693,1.7705,-0.1949
inventory_gap,476,1.5148,1.6357,1.6359,0.1212
inventory_gap,477,1.6446,1.5624,1.5639,-0.0807
inventory_gap,478,1.6790,1.7556,1.7563,0.0773
inventory_gap,479,1.7166,1.7428,1.7439,0.0273
inventory_gap,480,1.4752,1.5917,1.5922,0.1172
inventory_gap,481,1.6173,1.7407,1.7426,0.1253
inventory_gap,482,1.7269,1.8851,1.8862,0.1592
inventory_gap,483,1.8562,1.8107,1.8127,-0.0436
inventory_gap,484,1.6303,1.5726,1.5727,-0.0576
inventory_gap,485,2.0785,1.8975,1.8994,-0.1791
inventory_gap,486,1.7717,1.8052,1.8052,0.0335
inventory_gap,487,1.9236,1.8661,1.8663,-0.0571
inventory_gap,488,1.8297,1.7856,1.7864,-0.0433
inventory_gap,489,1.6231,1.6509,1.6520,0.0288
inventory_gap,490,1.7958,1.8502,1.8516,0.0558
inventory_gap,491,1.6983,1.7945,1.7953,0.0969
inventory_gap,492,2.0383,2.0395,2.0396,0.0013
inventory_gap,493,1.9161,1.8454,1.8469,-0.0692
inventory_gap,494,1.7811,1.8199,1.8200,0.0389
inventory_gap,495,1.8262,1.7261,1.7264,-0.0998
inventory_gap,496,1.8052,1.7366,1.7368,-0.0684
inventory_gap,497,1.5577,1.5838,1.5844,0.0268
inventory_gap,498,1.5607,1.6908,1.6925,0.1318
inventory_gap,499,1.4635,1.5628,1.5635,0.1001
inventory_gap,500,1.9066,1.9035,1.9054,-0.0012
inventory_gap,501,1.8819,1.7491,1.7493,-0.1324
inventory_gap,502,1.8867,1.9062,1.9076,0.0208
inventory_gap,503,2.1252,2.0642,2.0648,-0.0605
inventory_gap,504,1.7141,1.6838,1.6857,-0.0284
inventory_gap,505,1.7355,1.7093,1.7099,-0.0255
inventory_gap,506,1.7433,1.8791,1.8798,0.1365
inventory_gap,507,1.8434,1.9924,1.9931,0.1496
inventory_gap,508,1.7792,1.8856,1.8856,0.1065
inventory_gap,509,1.7615,1.7500,1.7506,-0.0110
inventory_gap,510,1.6394,1.7695,1.7707,0.1313
inventory_gap,511,2.0321,1.9181,1.9181,-0.1140
inventory_gap,512,1.8181,1.9356,1.9374,0.1193
inventory_gap,513,1.7790,1.5391,1.5398,-0.2393
inventory_gap,514,1.6475,1.5575,1.5576,-0.0899
inventory_gap,515,1.7847,1.9123,1.9126,0.1277
inventory_gap,516,1.7398,2.0148,2.0148,0.2749
inventory_gap,517,1.5314,1.6343,1.6350,0.1036
inventory_gap,518,1.6133,1.5299,1.5308,-0.0825
inventory_gap,519,1.9857,1.9451,1.9455,-0.0401
inventory_gap,520,1.8000,1.8150,1.8151,0.0151
inventory_gap,521,1.7935,1.6205,1.6224,-0.1711
inventory_gap,522,1.5067,1.5446,1.5461,0.0394
inventory_gap,523,1.5446,1.6736,1.6741,0.1295
inventory_gap,524,1.8085,1.8189,1.8200,0.0116
inventory_gap,525,1.4885,1.4405,1.4418,-0.0467
inventory_gap,526,1.8355,1.9704,1.9717,0.1363
inventory_gap,527,1.6513,1.8148,1.8150,0.1637
inventory_gap,528,1.6243,1.7431,1.7438,0.1195
inventory_gap,529,1.7528,1.8899,1.8903,0.1376
inventory_gap,530,1.6694,1.7791,1.7811,0.1117
inventory_gap,531,1.7348,1.6518,1.6528,-0.0820
inventory_gap,532,2.0990,1.9135,1.9150,-0.1840
inventory_gap,533,1.6966,1.8446,1.8446,0.1480
inventory_gap,534,1.9560,1.8798,1.8816,-0.0744
inventory_gap,535,2.2453,2.0379,2.0391,-0.2062
inventory_gap,536,1.4592,1.5205,1.5215,0.0623
inventory_gap,537,1.7142,1.7788,1.7789,0.0648
inventory_gap,538,1.5114,1.6044,1.6044,0.0931
inventory_gap,539,2.0076,1.7469,1.7472,-0.2606
inventory_gap,540,1.9235,1.9266,1.9277,0.0042
inventory_gap,541,1.7295,1.7083,1.7090,-0.0204
fixed_10bps,42,-207.5654,-211.0029,-210.9625,-3.3971
fixed_10bps,43,-204.3360,-202.9215,-202.8816,1.4543
fixed_10bps,44,-191.0505,-186.2878,-186.2481,4.8023
fixed_10bps,45,-193.5561,-196.4684,-196.4280,-2.8719
fixed_10bps,46,-188.9234,-187.8183,-187.7784,1.1450
fixed_10bps,47,-215.1229,-216.1848,-216.1447,-1.0218
fixed_10bps,48,-192.9929,-195.4242,-195.3839,-2.3911
fixed_10bps,49,-206.0018,-205.6000,-205.5600,0.4418
fixed_10bps,50,-203.5622,-204.5777,-204.5376,-0.9754
fixed_10bps,51,-191.0823,-202.8139,-202.7727,-11.6903
fixed_10bps,52,-195.9283,-212.3410,-212.2993,-16.3710
fixed_10bps,53,-208.7820,-218.2051,-218.1641,-9.3820
fixed_10bps,54,-198.9313,-201.5544,-201.5141,-2.5828
fixed_10bps,55,-199.5358,-192.1717,-192.1324,7.4034
fixed_10bps,56,-205.6569,-193.5944,-193.5556,12.1013
fixed_10bps,57,-222.2430,-222.9034,-222.8632,-0.6202
fixed_10bps,58,-197.5491,-195.3602,-195.3203,2.2287
fixed_10bps,59,-203.9700,-212.3558,-212.3149,-8.3450
fixed_10bps,60,-209.1504,-198.5082,-198.4691,10.6813
fixed_10bps,61,-210.0432,-204.8737,-204.8342,5.2090
fixed_10bps,62,-211.2457,-226.4639,-226.4223,-15.1767
fixed_10bps,63,-204.4472,-211.2566,-211.2158,-6.7686
fixed_10bps,64,-194.4459,-203.5003,-203.4594,-9.0133
fixed_10bps,65,-207.4119,-213.0292,-212.9885,-5.5766
fixed_10bps,66,-198.6786,-196.5306,-196.4908,2.1878
fixed_10bps,67,-188.9967,-179.5553,-179.5162,9.4805
fixed_10bps,68,-192.5380,-201.5942,-201.5533,-9.0152
fixed_10bps,69,-205.6101,-216.8445,-216.8033,-11.1932
fixed_10bps,70,-203.4676,-209.9443,-209.9036,-6.4361
fixed_10bps,71,-202.9693,-199.3641,-199.3244,3.6449
fixed_10bps,72,-205.4073,-212.2789,-212.2382,-6.8309
fixed_10bps,73,-205.4335,-210.6537,-210.6131,-5.1795
fixed_10bps,74,-212.9483,-207.3273,-207.2878,5.6604
fixed_10bps,75,-196.4756,-201.7886,-201.7480,-5.2724
fixed_10bps,76,-214.0491,-220.1352,-220.0946,-6.0455
fixed_10bps,77,-209.6974,-207.2071,-207.1673,2.5301
fixed_10bps,78,-207.7173,-218.7974,-218.7563,-11.0388
fixed_10bps,79,-211.6511,-204.2234,-204.1840,7.4670
fixed_10bps,80,-203.9812,-201.0410,-201.0011,2.9800
fixed_10bps,81,-197.9628,-204.4520,-204.4113,-6.4485
fixed_10bps,82,-209.5775,-208.0886,-208.0488,1.5288
fixed_10bps,83,-210.1263,-221.6705,-221.6293,-11.5029
fixed_10bps,84,-203.3182,-198.6461,-198.6065,4.7117
fixed_10bps,85,-210.4751,-205.3568,-205.3173,5.1578
fixed_10bps,86,-199.8160,-194.9133,-194.8737,4.9423
fixed_10bps,87,-186.9743,-183.0266,-182.9869,3.9874
fixed_10bps,88,-214.7269,-204.7428,-204.7038,10.0231
fixed_10bps,89,-195.4187,-201.8548,-201.8142,-6.3955
fixed_10bps,90,-210.6261,-206.7173,-206.6777,3.9484
fixed_10bps,91,-211.6733,-203.6749,-203.6357,8.0375
fixed_10bps,92,-196.9782,-189.3505,-189.3112,7.6669
fixed_10bps,93,-205.5641,-197.0748,-197.0357,8.5284
fixed_10bps,94,-205.0435,-203.8979,-203.8579,1.1855
fixed_10bps,95,-202.2057,-204.8366,-204.7962,-2.5905
fixed_10bps,96,-199.2817,-195.9189,-195.8791,3.4026
fixed_10bps,97,-198.4375,-213.8622,-213.8206,-15.3830
fixed_10bps,98,-205.7931,-202.2854,-202.2456,3.5474
fixed_10bps,99,-207.5846,-210.2624,-210.2221,-2.6375
fixed_10bps,100,-201.2248,-194.7470,-194.7075,6.5172
fixed_10bps,101,-206.4023,-211.5531,-211.5125,-5.1102
fixed_10bps,102,-212.9968,-226.3924,-226.3509,-13.3542
fixed_10bps,103,-210.0250,-209.2640,-209.2240,0.8011
fixed_10bps,104,-200.1632,-192.4373,-192.3980,7.7652
fixed_10bps,105,-199.2414,-201.9684,-201.9281,-2.6867
fixed_10bps,106,-209.1444,-217.1763,-217.1354,-7.9911
fixed_10bps,107,-204.8176,-212.6685,-212.6276,-7.8100
fixed_10bps,108,-192.2572,-185.0040,-184.9647,7.2925
fixed_10bps,109,-199.4353,-206.5791,-206.5382,-7.1029
fixed_10bps,110,-204.1011,-197.6047,-197.5652,6.5358
fixed_10bps,111,-208.6430,-197.7824,-197.7433,10.8997
fixed_10bps,112,-214.0152,-222.1480,-222.1071,-8.0919
fixed_10bps,113,-210.9821,-209.4537,-209.4138,1.5682
fixed_10bps,114,-193.3238,-199.2353,-199.1947,-5.8708
fixed_10bps,115,-201.7443,-199.6766,-199.6367,2.1076
fixed_10bps,116,-204.1190,-206.9755,-206.9352,-2.8163
fixed_10bps,117,-213.2643,-227.8885,-227.8469,-14.5826
fixed_10bps,118,-197.5195,-200.7428,-200.7025,-3.1829
fixed_10bps,119,-204.1374,-208.2821,-208.2416,-4.1042
fixed_10bps,120,-195.9552,-191.4107,-191.3712,4.5840
fixed_10bps,121,-193.3264,-190.1883,-190.1485,3.1778
fixed_10bps,122,-195.8975,-200.9086,-200.8681,-4.9706
fixed_10bps,123,-203.0280,-205.4750,-205.4347,-2.4066
fixed_10bps,124,-208.7187,-219.1008,-219.0596,-10.3409
fixed_10bps,125,-189.1357,-199.8096,-199.7685,-10.6327
fixed_10bps,126,-215.0871,-229.6211,-229.5795,-14.4924
fixed_10bps,127,-209.4942,-227.3326,-227.2907,-17.7966
fixed_10bps,128,-194.6573,-196.0379,-195.9977,-1.3404
fixed_10bps,129,-204.9506,-201.9924,-201.9527,2.9979
fixed_10bps,130,-203.5288,-200.3996,-200.3599,3.1689
fixed_10bps,131,-207.8778,-206.2790,-206.2391,1.6386
fixed_10bps,132,-205.1871,-201.1038,-201.0642,4.1230
fixed_10bps,133,-213.6344,-204.1141,-204.0750,9.5594
fixed_10bps,134,-199.5194,-193.6759,-193.6365,5.8828
fixed_10bps,135,-209.2300,-227.7712,-227.7293,-18.4994
fixed_10bps,136,-204.2823,-210.2330,-210.1924,-5.9101
fixed_10bps,137,-195.6114,-181.2024,-181.1638,14.4476
fixed_10bps,138,-214.3846,-225.9849,-225.9437,-11.5591
fixed_10bps,139,-199.7852,-211.6747,-211.6336,-11.8483
fixed_10bps,140,-208.4715,-210.3602,-210.3199,-1.8486
fixed_10bps,141,-211.7313,-212.1054,-212.0652,-0.3340
fixed_10bps,142,-203.3063,-199.3976,-199.3579,3.9484
fixed_10bps,143,-188.7757,-190.2535,-190.2132,-1.4376
fixed_10bps,144,-210.2554,-199.1597,-199.1208,11.1346
fixed_10bps,145,-216.3977,-216.2915,-216.2515,0.1462
fixed_10bps,146,-208.5239,-228.6829,-228.6409,-20.1169
fixed_10bps,147,-191.4714,-191.7784,-191.7382,-0.2668
fixed_10bps,148,-206.3579,-213.1610,-213.1203,-6.7625
fixed_10bps,149,-200.1496,-196.2435,-196.2039,3.9458
fixed_10bps,150,-195.9095,-196.8017,-196.7615,-0.8521
fixed_10bps,151,-213.5214,-219.3406,-219.3000,-5.7786
fixed_10bps,152,-195.9998,-195.6582,-195.6181,0.3817
fixed_10bps,153,-195.6216,-199.8240,-199.7836,-4.1619
fixed_10bps,154,-203.7914,-208.7446,-208.7041,-4.9125
fixed_10bps,155,-201.5415,-201.9333,-201.8931,-0.3516
fixed_10bps,156,-202.3189,-208.5313,-208.4906,-6.1717
fixed_10bps,157,-204.5399,-195.0387,-194.9995,9.5403
fixed_10bps,158,-220.5592,-211.7087,-211.6695,8.8898
fixed_10bps,159,-206.3138,-205.2142,-205.1742,1.1396
fixed_10bps,160,-209.7906,-205.1332,-205.0937,4.6970
fixed_10bps,161,-218.2349,-221.1524,-221.1120,-2.8772
fixed_10bps,162,-192.4264,-183.1590,-183.1199,9.3065
fixed_10bps,163,-196.8958,-174.7556,-174.7177,22.1781
fixed_10bps,164,-194.4852,-192.1230,-192.0832,2.4019
fixed_10bps,165,-215.1168,-218.7938,-218.7534,-3.6366
fixed_10bps,166,-192.9986,-179.3055,-179.2668,13.7318
fixed_10bps,167,-209.0987,-208.2085,-208.1686,0.9301
fixed_10bps,168,-200.9456,-196.6510,-196.6113,4.3343
fixed_10bps,169,-193.7302,-190.5372,-190.4976,3.2326
fixed_10bps,170,-190.1403,-179.2532,-179.2143,10.9261
fixed_10bps,171,-203.3610,-186.3576,-186.3192,17.0419
fixed_10bps,172,-204.7002,-216.1932,-216.1521,-11.4518
fixed_10bps,173,-216.1168,-217.4476,-217.4074,-1.2905
fixed_10bps,174,-214.0273,-201.3617,-201.3229,12.7044
fixed_10bps,175,-208.1417,-194.2278,-194.1891,13.9526
fixed_10bps,176,-184.1215,-193.1898,-193.1489,-9.0274
fixed_10bps,177,-207.7228,-207.2881,-207.2481,0.4747
fixed_10bps,178,-214.2056,-229.9384,-229.8969,-15.6913
fixed_10bps,179,-207.9865,-215.7020,-215.6612,-7.6748
fixed_10bps,180,-191.8762,-184.9998,-184.9605,6.9157
fixed_10bps,181,-203.6264,-210.2117,-210.1709,-6.5446
fixed_10bps,182,-202.0478,-210.9428,-210.9020,-8.8542
fixed_10bps,183,-198.5791,-194.7592,-194.7196,3.8596
fixed_10bps,184,-197.5672,-205.8390,-205.7981,-8.2310
fixed_10bps,185,-190.0992,-180.8373,-180.7982,9.3009
fixed_10bps,186,-198.1073,-174.9860,-174.9483,23.1591
fixed_10bps,187,-198.8162,-197.1303,-197.0904,1.7258
fixed_10bps,188,-202.3945,-193.0114,-192.9723,9.4222
fixed_10bps,189,-201.9602,-197.2346,-197.1951,4.7651
fixed_10bps,190,-206.4979,-207.9214,-207.8812,-1.3833
fixed_10bps,191,-201.8602,-212.4689,-212.4277,-10.5675
fixed_10bps,192,-187.5250,-189.5130,-189.4728,-1.9478
fixed_10bps,193,-195.2123,-204.1181,-204.0772,-8.8649
fixed_10bps,194,-204.9409,-226.7629,-226.7206,-21.7798
fixed_10bps,195,-211.2680,-217.5685,-217.5278,-6.2598
fixed_10bps,196,-215.8615,-210.8801,-210.8405,5.0211
fixed_10bps,197,-196.5877,-217.4647,-217.4225,-20.8348
fixed_10bps,198,-202.9931,-200.4505,-200.4107,2.5824
fixed_10bps,199,-199.6954,-201.0784,-201.0383,-1.3428
fixed_10bps,200,-195.1153,-207.4177,-207.3764,-12.2612
fixed_10bps,201,-200.0607,-202.8189,-202.7786,-2.7179
fixed_10bps,202,-207.6746,-203.9911,-203.9514,3.7231
fixed_10bps,203,-204.7670,-203.9705,-203.9305,0.8365
fixed_10bps,204,-187.4487,-188.0427,-188.0026,-0.5539
fixed_10bps,205,-206.9475,-207.6175,-207.5774,-0.6299
fixed_10bps,206,-202.6471,-198.0061,-197.9665,4.6806
fixed_10bps,207,-217.2450,-213.9350,-213.8953,3.3497
fixed_10bps,208,-191.2642,-174.9485,-174.9102,16.3541
fixed_10bps,209,-194.4501,-180.9873,-180.9486,13.5015
fixed_10bps,210,-194.5910,-184.8657,-184.8266,9.7644
fixed_10bps,211,-203.8829,-202.8781,-202.8382,1.0447
fixed_10bps,212,-199.8674,-199.6052,-199.5652,0.3022
fixed_10bps,213,-200.5788,-204.0077,-203.9673,-3.3886
fixed_10bps,214,-214.6313,-224.8967,-224.8557,-10.2244
fixed_10bps,215,-199.5002,-193.1422,-193.1028,6.3974
fixed_10bps,216,-203.6397,-214.0728,-214.0318,-10.3921
fixed_10bps,217,-211.4901,-214.3512,-214.3108,-2.8207
fixed_10bps,218,-196.3301,-177.3747,-177.3365,18.9935
fixed_10bps,219,-203.3016,-192.8458,-192.8068,10.4949
fixed_10bps,220,-201.8638,-195.0807,-195.0413,6.8226
fixed_10bps,221,-194.1153,-189.4977,-189.4581,4.6572
fixed_10bps,222,-200.9580,-200.0386,-199.9986,0.9593
fixed_10bps,223,-195.0500,-190.2979,-190.2584,4.7917
fixed_10bps,224,-200.2694,-197.3754,-197.3357,2.9338
fixed_10bps,225,-202.5173,-211.4551,-211.4141,-8.8969
fixed_10bps,226,-196.6524,-201.1622,-201.1216,-4.4692
fixed_10bps,227,-199.1633,-201.6212,-201.5810,-2.4177
fixed_10bps,228,-197.9834,-202.6250,-202.5845,-4.6011
fixed_10bps,229,-207.9847,-218.9191,-218.8779,-10.8931
fixed_10bps,230,-204.9911,-205.4787,-205.4385,-0.4474
fixed_10bps,231,-199.0083,-194.8731,-194.8334,4.1749
fixed_10bps,232,-210.2076,-223.9522,-223.9107,-13.7031
fixed_10bps,233,-215.1973,-230.5163,-230.4748,-15.2775
fixed_10bps,234,-216.2479,-216.1055,-216.0655,0.1824
fixed_10bps,235,-197.8276,-191.2251,-191.1857,6.6419
fixed_10bps,236,-220.4535,-222.6885,-222.6481,-2.1946
fixed_10bps,237,-199.0700,-189.4356,-189.3966,9.6734
fixed_10bps,238,-201.4035,-197.0544,-197.0147,4.3888
fixed_10bps,239,-210.8879,-214.4150,-214.3746,-3.4866
fixed_10bps,240,-215.2461,-213.3250,-213.2852,1.9610
fixed_10bps,241,-215.1881,-203.5488,-203.5099,11.6782
fixed_10bps,242,-208.9267,-205.1413,-205.1015,3.8251
fixed_10bps,243,-205.7314,-196.7144,-196.6753,9.0561
fixed_10bps,244,-205.2028,-205.2740,-205.2339,-0.0312
fixed_10bps,245,-199.7478,-198.7760,-198.7361,1.0117
fixed_10bps,246,-205.8084,-193.4321,-193.3933,12.4151
fixed_10bps,247,-199.5828,-206.0740,-206.0333,-6.4505
fixed_10bps,248,-202.0711,-202.4725,-202.4325,-0.3614
fixed_10bps,249,-205.7987,-215.7884,-215.7474,-9.9487
fixed_10bps,250,-213.0839,-211.8835,-211.8435,1.2404
fixed_10bps,251,-194.7804,-184.3403,-184.3013,10.4792
fixed_10bps,252,-206.7469,-198.8154,-198.7761,7.9708
fixed_10bps,253,-205.7085,-195.6191,-195.5801,10.1285
fixed_10bps,254,-189.5557,-185.2990,-185.2594,4.2963
fixed_10bps,255,-199.6549,-205.2810,-205.2403,-5.5854
fixed_10bps,256,-211.4250,-214.7496,-214.7092,-3.2843
fixed_10bps,257,-210.8007,-216.3777,-216.3370,-5.5363
fixed_10bps,258,-208.7564,-210.1858,-210.1456,-1.3892
fixed_10bps,259,-194.5936,-202.0030,-201.9623,-7.3686
fixed_10bps,260,-208.8559,-205.1227,-205.0829,3.7730
fixed_10bps,261,-185.1476,-182.2166,-182.1768,2.9709
fixed_10bps,262,-202.4306,-206.6785,-206.6380,-4.2074
fixed_10bps,263,-213.9159,-217.7270,-217.6866,-3.7707
fixed_10bps,264,-203.3072,-180.7264,-180.6886,22.6185
fixed_10bps,265,-199.0249,-206.0855,-206.0448,-7.0199
fixed_10bps,266,-197.0440,-200.5416,-200.5012,-3.4573
fixed_10bps,267,-208.8378,-210.5195,-210.4792,-1.6414
fixed_10bps,268,-195.6629,-184.4526,-184.4137,11.2493
fixed_10bps,269,-208.2132,-200.4371,-200.3979,7.8154
fixed_10bps,270,-213.1590,-220.2687,-220.2279,-7.0689
fixed_10bps,271,-205.0186,-208.6085,-208.5681,-3.5495
fixed_10bps,272,-202.5587,-211.9845,-211.9435,-9.3848
fixed_10bps,273,-203.9893,-203.0496,-203.0097,0.9797
fixed_10bps,274,-200.9624,-194.0257,-193.9864,6.9761
fixed_10bps,275,-194.6769,-180.0308,-179.9923,14.6846
fixed_10bps,276,-215.9417,-215.6189,-215.5788,0.3629
fixed_10bps,277,-205.2502,-203.6533,-203.6134,1.6366
fixed_10bps,278,-202.6477,-188.9610,-188.9222,13.7253
fixed_10bps,279,-206.2553,-209.0423,-209.0020,-2.7466
fixed_10bps,280,-205.5060,-214.7376,-214.6967,-9.1907
fixed_10bps,281,-211.2078,-215.2972,-215.2567,-4.0489
fixed_10bps,282,-202.5896,-189.6415,-189.6027,12.9869
fixed_10bps,283,-211.2839,-207.0660,-207.0264,4.2576
fixed_10bps,284,-186.2842,-183.2824,-183.2425,3.0417
fixed_10bps,285,-206.1225,-193.7225,-193.6837,12.4387
fixed_10bps,286,-207.8382,-211.4465,-211.4061,-3.5679
fixed_10bps,287,-197.1543,-203.6000,-203.5592,-6.4049
fixed_10bps,288,-187.9939,-185.3042,-185.2643,2.7295
fixed_10bps,289,-199.6661,-186.3593,-186.3206,13.3455
fixed_10bps,290,-204.5585,-204.6687,-204.6286,-0.0702
fixed_10bps,291,-206.9420,-212.6841,-212.6435,-5.7015
fixed_10bps,292,-184.4593,-195.7685,-195.7274,-11.2680
fixed_10bps,293,-193.4546,-192.3738,-192.3340,1.1208
fixed_10bps,294,-210.1621,-205.3757,-205.3362,4.8259
fixed_10bps,295,-197.9962,-187.8794,-187.8403,10.1559
fixed_10bps,296,-198.6075,-198.2214,-198.1813,0.4262
fixed_10bps,297,-208.8677,-220.6464,-220.6052,-11.7375
fixed_10bps,298,-204.4059,-197.8535,-197.8140,6.5919
fixed_10bps,299,-211.1831,-222.7378,-222.6965,-11.5135
fixed_10bps,300,-210.0441,-203.7985,-203.7591,6.2850
fixed_10bps,301,-200.4268,-209.9111,-209.8701,-9.4433
fixed_10bps,302,-202.6269,-207.7644,-207.7238,-5.0970
fixed_10bps,303,-203.5844,-219.6113,-219.5697,-15.9853
fixed_10bps,304,-203.0209,-204.4395,-204.3992,-1.3783
fixed_10bps,305,-212.5222,-208.8784,-208.8387,3.6835
fixed_10bps,306,-185.2179,-179.4448,-179.4054,5.8126
fixed_10bps,307,-210.0423,-201.9328,-201.8936,8.1487
fixed_10bps,308,-198.0773,-211.7199,-211.6785,-13.6012
fixed_10bps,309,-213.7486,-207.5017,-207.4622,6.2864
fixed_10bps,310,-205.2107,-208.0710,-208.0307,-2.8200
fixed_10bps,311,-199.4643,-202.5380,-202.4976,-3.0332
fixed_10bps,312,-207.5100,-216.3252,-216.2843,-8.7743
fixed_10bps,313,-199.5112,-221.8655,-221.8231,-22.3119
fixed_10bps,314,-201.1403,-197.0794,-197.0398,4.1005
fixed_10bps,315,-203.0117,-211.0080,-210.9672,-7.9555
fixed_10bps,316,-196.5164,-194.1591,-194.1193,2.3971
fixed_10bps,317,-212.9575,-220.8003,-220.7595,-7.8020
fixed_10bps,318,-194.5665,-199.7951,-199.7546,-5.1880
fixed_10bps,319,-200.4203,-209.0748,-209.0339,-8.6137
fixed_10bps,320,-211.6248,-212.8503,-212.8101,-1.1853
fixed_10bps,321,-199.8702,-188.9116,-188.8727,10.9976
fixed_10bps,322,-190.5829,-175.8660,-175.8274,14.7555
fixed_10bps,323,-202.2537,-211.3323,-211.2913,-9.0377
fixed_10bps,324,-207.6406,-211.3701,-211.3297,-3.6890
fixed_10bps,325,-195.0586,-193.4887,-193.4489,1.6097
fixed_10bps,326,-194.6004,-182.3324,-182.2935,12.3069
fixed_10bps,327,-198.4758,-197.9917,-197.9517,0.5241
fixed_10bps,328,-195.0895,-201.8680,-201.8274,-6.7378
fixed_10bps,329,-202.4416,-207.7666,-207.7260,-5.2844
fixed_10bps,330,-202.9160,-191.4562,-191.4172,11.4987
fixed_10bps,331,-210.2590,-210.1537,-210.1137,0.1453
fixed_10bps,332,-213.0701,-212.5776,-212.5376,0.5325
fixed_10bps,333,-205.4846,-196.4141,-196.3748,9.1097
fixed_10bps,334,-210.7753,-200.0271,-199.9881,10.7872
fixed_10bps,335,-211.8838,-209.5759,-209.5361,2.3478
fixed_10bps,336,-195.1725,-197.2386,-197.1984,-2.0260
fixed_10bps,337,-193.6120,-177.8005,-177.7621,15.8500
fixed_10bps,338,-196.6641,-199.3785,-199.3383,-2.6741
fixed_10bps,339,-206.8746,-211.2678,-211.2273,-4.3526
fixed_10bps,340,-208.6388,-208.0882,-208.0482,0.5908
fixed_10bps,341,-193.1074,-189.3783,-189.3387,3.7688
fixed_10bps,342,-212.2875,-210.9634,-210.9235,1.3640
fixed_10bps,343,-200.7964,-201.7737,-201.7336,-0.9372
fixed_10bps,344,-195.6266,-213.2922,-213.2505,-17.6238
fixed_10bps,345,-197.5978,-208.0607,-208.0196,-10.4217
fixed_10bps,346,-217.2076,-211.3715,-211.3320,5.8754
fixed_10bps,347,-188.4626,-197.9918,-197.9508,-9.4882
fixed_10bps,348,-205.3828,-209.9347,-209.8942,-4.5115
fixed_10bps,349,-199.7161,-191.7898,-191.7505,7.9656
fixed_10bps,350,-209.7047,-223.2190,-223.1776,-13.4730
fixed_10bps,351,-205.6095,-207.2093,-207.1691,-1.5596
fixed_10bps,352,-212.6811,-209.2756,-209.2358,3.4453
fixed_10bps,353,-193.5322,-189.4698,-189.4301,4.1021
fixed_10bps,354,-207.5467,-208.0945,-208.0545,-0.5077
fixed_10bps,355,-190.9911,-195.1456,-195.1051,-4.1140
fixed_10bps,356,-203.1161,-197.9817,-197.9422,5.1739
fixed_10bps,357,-200.4334,-188.9313,-188.8924,11.5410
fixed_10bps,358,-199.4797,-204.7668,-204.7262,-5.2465
fixed_10bps,359,-206.4503,-194.9856,-194.9467,11.5036
fixed_10bps,360,-203.7683,-204.2685,-204.2283,-0.4600
fixed_10bps,361,-212.0991,-218.4943,-218.4537,-6.3546
fixed_10bps,362,-192.4555,-203.2054,-203.1643,-10.7088
fixed_10bps,363,-203.1198,-193.1551,-193.1161,10.0037
fixed_10bps,364,-228.1544,-245.2315,-245.1898,-17.0353
fixed_10bps,365,-195.8919,-203.1677,-203.1268,-7.2350
fixed_10bps,366,-221.7589,-213.7728,-213.7335,8.0255
fixed_10bps,367,-216.2351,-205.4655,-205.4265,10.8085
fixed_10bps,368,-199.2117,-213.4373,-213.3958,-14.1841
fixed_10bps,369,-202.9901,-205.6877,-205.6473,-2.6573
fixed_10bps,370,-222.0470,-215.2597,-215.2204,6.8266
fixed_10bps,371,-199.8299,-204.4478,-204.4073,-4.5775
fixed_10bps,372,-197.8329,-193.3700,-193.3304,4.5025
fixed_10bps,373,-193.9353,-193.5308,-193.4909,0.4444
fixed_10bps,374,-209.6132,-218.1679,-218.1270,-8.5137
fixed_10bps,375,-217.9434,-213.7726,-213.7329,4.2104
fixed_10bps,376,-199.9452,-208.3657,-208.3248,-8.3796
fixed_10bps,377,-201.7574,-203.3072,-203.2670,-1.5096
fixed_10bps,378,-206.9643,-202.9488,-202.9092,4.0551
fixed_10bps,379,-206.6829,-193.5210,-193.4823,13.2007
fixed_10bps,380,-192.6167,-188.5318,-188.4922,4.1245
fixed_10bps,381,-203.5211,-212.1701,-212.1292,-8.6079
fixed_10bps,382,-202.1646,-203.6148,-203.5746,-1.4100
fixed_10bps,383,-204.2004,-205.4899,-205.4497,-1.2493
fixed_10bps,384,-194.5908,-196.9661,-196.9258,-2.3349
fixed_10bps,385,-202.7511,-188.7808,-188.7421,14.0089
fixed_10bps,386,-212.1964,-215.9920,-215.9516,-3.7552
fixed_10bps,387,-202.0832,-203.7598,-203.7196,-1.6364
fixed_10bps,388,-205.0434,-197.1980,-197.1587,7.8847
fixed_10bps,389,-203.8091,-207.5325,-207.4920,-3.6830
fixed_10bps,390,-209.1638,-218.6648,-218.6237,-9.4599
fixed_10bps,391,-189.7764,-182.8597,-182.8204,6.9560
fixed_10bps,392,-213.2415,-216.9575,-216.9172,-3.6757
fixed_10bps,393,-191.3789,-186.6986,-186.6592,4.7197
fixed_10bps,394,-210.5258,-202.9130,-202.8737,7.6521
fixed_10bps,395,-184.2184,-189.1057,-189.0651,-4.8467
fixed_10bps,396,-211.9959,-227.7131,-227.6716,-15.6757
fixed_10bps,397,-198.0557,-198.7180,-198.6779,-0.6222
fixed_10bps,398,-196.5850,-192.4764,-192.4368,4.1482
fixed_10bps,399,-220.0921,-216.5509,-216.5111,3.5810
fixed_10bps,400,-194.7864,-209.5744,-209.5328,-14.7466
fixed_10bps,401,-201.4071,-191.7380,-191.6989,9.7081
fixed_10bps,402,-205.8943,-196.4551,-196.4160,9.4783
fixed_10bps,403,-195.4900,-193.0599,-193.0200,2.4700
fixed_10bps,404,-212.9971,-200.6991,-200.6603,12.3368
fixed_10bps,405,-190.3587,-195.9390,-195.8984,-5.5397
fixed_10bps,406,-210.2707,-208.2550,-208.2152,2.0555
fixed_10bps,407,-210.7602,-221.3359,-221.2947,-10.5345
fixed_10bps,408,-207.3782,-211.5541,-211.5136,-4.1354
fixed_10bps,409,-200.5983,-199.9935,-199.9536,0.6448
fixed_10bps,410,-202.2798,-188.2121,-188.1734,14.1064
fixed_10bps,411,-198.8319,-205.6456,-205.6048,-6.7730
fixed_10bps,412,-202.3467,-201.9356,-201.8956,0.4511
fixed_10bps,413,-207.4762,-197.0825,-197.0435,10.4328
fixed_10bps,414,-214.4803,-212.3171,-212.2773,2.2030
fixed_10bps,415,-199.3165,-194.0205,-193.9809,5.3356
fixed_10bps,416,-200.4531,-185.7656,-185.7270,14.7261
fixed_10bps,417,-199.4012,-199.9081,-199.8680,-0.4668
fixed_10bps,418,-208.0684,-198.5727,-198.5336,9.5349
fixed_10bps,419,-213.2143,-199.0353,-198.9967,14.2177
fixed_10bps,420,-208.8981,-217.4975,-217.4567,-8.5586
fixed_10bps,421,-198.0820,-215.8771,-215.8352,-17.7533
fixed_10bps,422,-196.9916,-200.4071,-200.3667,-3.3751
fixed_10bps,423,-209.1223,-216.3852,-216.3444,-7.2221
fixed_10bps,424,-208.6647,-193.6104,-193.5718,15.0928
fixed_10bps,425,-207.7008,-223.5567,-223.5151,-15.8143
fixed_10bps,426,-201.5487,-183.8883,-183.8501,17.6986
fixed_10bps,427,-203.1453,-213.1287,-213.0876,-9.9422
fixed_10bps,428,-195.3363,-208.6053,-208.5638,-13.2275
fixed_10bps,429,-187.4900,-197.8606,-197.8195,-10.3296
fixed_10bps,430,-197.2193,-187.8908,-187.8517,9.3675
fixed_10bps,431,-194.8115,-198.6126,-198.5722,-3.7607
fixed_10bps,432,-204.2025,-215.6077,-215.5665,-11.3640
fixed_10bps,433,-203.4935,-200.7314,-200.6917,2.8019
fixed_10bps,434,-200.3510,-205.7685,-205.7279,-5.3770
fixed_10bps,435,-205.9854,-199.6488,-199.6093,6.3761
fixed_10bps,436,-202.9786,-214.0486,-214.0074,-11.0288
fixed_10bps,437,-194.5839,-211.6004,-211.5587,-16.9748
fixed_10bps,438,-205.3966,-203.6759,-203.6360,1.7606
fixed_10bps,439,-184.6654,-190.4532,-190.4126,-5.7471
fixed_10bps,440,-205.8562,-210.2106,-210.1701,-4.3139
fixed_10bps,441,-196.3802,-205.4209,-205.3798,-8.9997
fixed_10bps,442,-202.7143,-197.2815,-197.2421,5.4722
fixed_10bps,443,-200.8660,-192.7481,-192.7089,8.1571
fixed_10bps,444,-205.3832,-206.2115,-206.1713,-0.7882
fixed_10bps,445,-192.9014,-182.6377,-182.5987,10.3027
fixed_10bps,446,-196.4379,-183.3877,-183.3490,13.0889
fixed_10bps,447,-194.2014,-188.2975,-188.2581,5.9433
fixed_10bps,448,-205.7465,-220.6912,-220.6496,-14.9031
fixed_10bps,449,-200.4713,-192.4462,-192.4070,8.0644
fixed_10bps,450,-200.6844,-192.4839,-192.4446,8.2398
fixed_10bps,451,-214.1787,-218.9379,-218.8974,-4.7187
fixed_10bps,452,-207.6657,-222.4116,-222.3701,-14.7044
fixed_10bps,453,-198.1202,-206.0038,-205.9629,-7.8426
fixed_10bps,454,-201.0646,-188.8937,-188.8548,12.2097
fixed_10bps,455,-211.5624,-219.3784,-219.3376,-7.7752
fixed_10bps,456,-218.7933,-219.7607,-219.7206,-0.9272
fixed_10bps,457,-186.6665,-162.2661,-162.2285,24.4381
fixed_10bps,458,-202.4509,-202.8164,-202.7764,-0.3255
fixed_10bps,459,-201.9801,-202.2875,-202.2473,-0.2674
fixed_10bps,460,-198.9025,-199.5440,-199.5039,-0.6014
fixed_10bps,461,-218.0684,-221.1524,-221.1121,-3.0437
fixed_10bps,462,-214.0969,-222.2311,-222.1901,-8.0933
fixed_10bps,463,-195.7456,-201.0563,-201.0157,-5.2699
fixed_10bps,464,-198.9232,-198.4433,-198.4033,0.5199
fixed_10bps,465,-197.7846,-199.0349,-198.9948,-1.2101
fixed_10bps,466,-193.2145,-187.4825,-187.4431,5.7715
fixed_10bps,467,-201.3416,-203.0057,-202.9655,-1.6239
fixed_10bps,468,-196.7299,-198.9980,-198.9578,-2.2278
fixed_10bps,469,-204.3410,-199.8026,-199.7629,4.5781
fixed_10bps,470,-206.7338,-205.1919,-205.1520,1.5817
fixed_10bps,471,-191.5015,-202.0039,-201.9627,-10.4612
fixed_10bps,472,-193.1593,-176.9029,-176.8646,16.2948
fixed_10bps,473,-209.5731,-212.2464,-212.2061,-2.6329
fixed_10bps,474,-202.6481,-202.0585,-202.0184,0.6297
fixed_10bps,475,-207.8923,-226.5706,-226.5286,-18.6364
fixed_10bps,476,-218.0094,-209.7462,-209.7070,8.3024
fixed_10bps,477,-215.5381,-215.4241,-215.3840,0.1541
fixed_10bps,478,-201.7155,-197.8691,-197.8293,3.8862
fixed_10bps,479,-197.0771,-191.4699,-191.4304,5.6468
fixed_10bps,480,-214.4077,-198.8742,-198.8358,15.5720
fixed_10bps,481,-189.2243,-176.2162,-176.1774,13.0468
fixed_10bps,482,-198.4468,-187.5977,-187.5588,10.8880
fixed_10bps,483,-202.4549,-212.7813,-212.7402,-10.2854
fixed_10bps,484,-211.6831,-212.0731,-212.0329,-0.3498
fixed_10bps,485,-179.1112,-185.8493,-185.8085,-6.6973
fixed_10bps,486,-189.0131,-182.8174,-182.7781,6.2350
fixed_10bps,487,-196.6254,-193.2367,-193.1971,3.4285
fixed_10bps,488,-203.0540,-207.2762,-207.2358,-4.1818
fixed_10bps,489,-200.7432,-192.0687,-192.0294,8.7138
fixed_10bps,490,-203.5311,-202.0008,-201.9610,1.5701
fixed_10bps,491,-199.5718,-199.0681,-199.0280,0.5437
fixed_10bps,492,-191.2382,-200.1631,-200.1221,-8.8839
fixed_10bps,493,-197.1175,-196.7720,-196.7320,0.3855
fixed_10bps,494,-192.6397,-191.5960,-191.5560,1.0837
fixed_10bps,495,-206.1768,-208.0771,-208.0369,-1.8601
fixed_10bps,496,-203.2222,-203.9329,-203.8928,-0.6706
fixed_10bps,497,-216.9832,-211.4356,-211.3960,5.5872
fixed_10bps,498,-204.0998,-195.3035,-195.2642,8.8355
fixed_10bps,499,-214.0004,-201.7365,-201.6977,12.3028
fixed_10bps,500,-195.8874,-200.4189,-200.3784,-4.4910
fixed_10bps,501,-218.7049,-226.7145,-226.6737,-7.9686
fixed_10bps,502,-201.6549,-199.8757,-199.8357,1.8190
fixed_10bps,503,-182.3226,-187.3591,-187.3185,-4.9959
fixed_10bps,504,-199.5063,-203.4996,-203.4592,-3.9529
fixed_10bps,505,-202.1775,-206.8734,-206.8329,-4.6553
fixed_10bps,506,-197.2816,-195.1295,-195.0896,2.1920
fixed_10bps,507,-198.8750,-198.5233,-198.4832,0.3916
fixed_10bps,508,-194.1351,-187.8992,-187.8598,6.2753
fixed_10bps,509,-200.6832,-200.0877,-200.0477,0.6355
fixed_10bps,510,-199.1231,-187.2351,-187.1962,11.9269
fixed_10bps,511,-198.2794,-210.1733,-210.1320,-11.8527
fixed_10bps,512,-195.4964,-195.5477,-195.5076,-0.0113
fixed_10bps,513,-215.9815,-227.4228,-227.3815,-11.4001
fixed_10bps,514,-214.1975,-222.1146,-222.0738,-7.8762
fixed_10bps,515,-203.2371,-196.2529,-196.2135,7.0235
fixed_10bps,516,-194.2129,-186.2521,-186.2129,7.9999
fixed_10bps,517,-198.5448,-189.9420,-189.9028,8.6420
fixed_10bps,518,-217.8082,-220.7629,-220.7225,-2.9143
fixed_10bps,519,-195.3639,-199.1984,-199.1580,-3.7941
fixed_10bps,520,-193.2484,-187.1958,-187.1564,6.0921
fixed_10bps,521,-214.2238,-222.0675,-222.0267,-7.8028
fixed_10bps,522,-195.8176,-180.5171,-180.4786,15.3390
fixed_10bps,523,-211.9975,-207.1584,-207.1189,4.8786
fixed_10bps,524,-193.2634,-199.8645,-199.8238,-6.5604
fixed_10bps,525,-216.2571,-219.8847,-219.8443,-3.5871
fixed_10bps,526,-184.9478,-186.1144,-186.0742,-1.1264
fixed_10bps,527,-203.6457,-200.5974,-200.5576,3.0880
fixed_10bps,528,-201.0651,-191.7637,-191.7246,9.3405
fixed_10bps,529,-192.4761,-187.9217,-187.8821,4.5940
fixed_10bps,530,-193.6226,-184.3748,-184.3356,9.2869
fixed_10bps,531,-208.9310,-217.5021,-217.4611,-8.5301
fixed_10bps,532,-196.0627,-219.4005,-219.3581,-23.2955
fixed_10bps,533,-210.0599,-207.7479,-207.7080,2.3517
fixed_10bps,534,-210.5264,-220.0845,-220.0434,-9.5170
fixed_10bps,535,-197.3546,-212.9141,-212.8726,-15.5180
fixed_10bps,536,-218.7648,-215.6003,-215.5606,3.2042
fixed_10bps,537,-208.8352,-205.6582,-205.6184,3.2168
fixed_10bps,538,-208.1940,-195.9264,-195.8876,12.3065
fixed_10bps,539,-198.9018,-209.1714,-209.1303,-10.2285
fixed_10bps,540,-202.0059,-212.1308,-212.0897,-10.0838
fixed_10bps,541,-210.0076,-212.1256,-212.0853,-2.0776
