mode,policy,seed,shortfall_bps,completion_rate,filled_qty,avg_slippage_bps,fees_paid_x,gas_paid_x,route_concentration,mean_post_trade_gap_bps,arb_trade_count,arb_profit_x,n_steps,total_reward
ConstantDuopoly,immediate,0,240.8100,1.0000,50.0000,221.0820,153.3422,90.0000,0.6611,62.6016,9,570.6183,50,-0.024081
ConstantDuopoly,twap,0,120.7186,0.9997,49.9852,99.3859,151.4655,100.0000,0.5684,58.5827,14,80.7883,50,-0.012072
ConstantDuopoly,myopic_router,0,155.7320,1.0000,50.0000,136.0062,152.0359,100.0000,0.5224,51.9477,13,179.3118,50,-0.015573
ConstantDuopoly,random,0,210.6032,1.0000,50.0000,188.3192,152.8410,106.0000,0.6633,59.3505,13,401.9911,50,-0.021060
ConstantDuopoly,immediate,1,243.0019,1.0000,50.0000,218.3495,153.3750,90.0000,0.5280,69.8766,6,545.0929,50,-0.024300
ConstantDuopoly,twap,1,134.1319,0.9997,49.9852,104.3952,151.6667,100.0000,0.5078,72.5168,14,83.0689,50,-0.013413
ConstantDuopoly,myopic_router,1,163.5441,1.0000,50.0000,133.2545,152.1531,100.0000,0.5006,68.8859,11,160.2805,50,-0.016354
ConstantDuopoly,random,1,164.6570,1.0000,50.0000,137.1062,152.1519,106.0000,0.5008,53.8310,10,248.3648,50,-0.016466
ConstantDuopoly,immediate,2,237.0701,1.0000,50.0000,226.1142,153.2861,90.0000,0.9297,79.5497,6,589.2954,50,-0.023707
ConstantDuopoly,twap,2,100.3620,0.9997,49.9852,101.2998,151.1601,100.0000,0.5262,70.9089,15,54.0437,50,-0.010036
ConstantDuopoly,myopic_router,2,143.5238,1.0000,50.0000,138.0281,151.8528,100.0000,0.7880,53.9374,12,184.4536,50,-0.014352
ConstantDuopoly,random,2,222.9067,1.0000,50.0000,215.1396,153.0256,106.0000,0.7224,68.0786,7,567.9582,50,-0.022291
ConstantDuopoly,immediate,3,237.9192,1.0000,50.0000,223.7100,153.2988,90.0000,0.9013,64.7814,10,563.1190,50,-0.023792
ConstantDuopoly,twap,3,114.5886,0.9997,49.9852,98.2534,151.3735,100.0000,0.6157,49.1436,12,35.2114,50,-0.011459
ConstantDuopoly,myopic_router,3,146.2710,1.0000,50.0000,134.3379,151.8940,100.0000,0.5435,57.3980,12,167.2691,50,-0.014627
ConstantDuopoly,random,3,248.5508,1.0000,50.0000,238.7373,153.4642,88.0000,0.5690,71.1529,9,621.5455,50,-0.024855
ConstantDuopoly,immediate,4,239.4367,1.0000,50.0000,220.3302,153.3216,90.0000,0.5011,73.0275,7,549.2860,50,-0.023944
ConstantDuopoly,twap,4,134.1713,0.9997,49.9852,100.8625,151.6673,100.0000,0.5022,73.4456,14,80.2433,50,-0.013417
ConstantDuopoly,myopic_router,4,158.4654,1.0000,50.0000,133.2329,152.0769,100.0000,0.5040,74.1729,11,174.4474,50,-0.015847
ConstantDuopoly,random,4,177.3384,1.0000,50.0000,153.6716,152.3361,108.0000,0.5427,68.8645,9,319.6579,50,-0.017734
ConstantDuopoly,immediate,5,239.9195,1.0000,50.0000,222.4097,153.3288,90.0000,0.9504,57.1686,9,591.6215,50,-0.023992
ConstantDuopoly,twap,5,126.2376,0.9997,49.9852,96.9980,151.5483,100.0000,0.5071,57.2065,16,59.5843,50,-0.012624
ConstantDuopoly,myopic_router,5,155.2978,1.0000,50.0000,133.8806,152.0294,100.0000,0.5938,49.1158,12,176.8330,50,-0.015530
ConstantDuopoly,random,5,178.7515,1.0000,50.0000,157.7958,152.3573,108.0000,0.5079,46.7155,9,374.6718,50,-0.017875
ConstantDuopoly,immediate,6,239.6010,1.0000,50.0000,221.0210,153.3240,90.0000,0.6889,64.6076,9,538.2542,50,-0.023960
ConstantDuopoly,twap,6,133.9152,0.9997,49.9852,94.1605,151.6634,100.0000,0.6251,47.3685,13,50.2032,50,-0.013392
ConstantDuopoly,myopic_router,6,160.2923,1.0000,50.0000,133.5276,152.1043,100.0000,0.5019,64.5723,11,147.3651,50,-0.016029
ConstantDuopoly,random,6,232.3295,1.0000,50.0000,209.0839,153.1969,96.0000,0.5594,58.3312,10,514.0000,50,-0.023233
ConstantDuopoly,immediate,7,233.5717,1.0000,50.0000,220.8265,153.2336,90.0000,0.5789,58.9026,6,556.9234,50,-0.023357
ConstantDuopoly,twap,7,99.2299,0.9997,49.9852,99.6627,151.1432,100.0000,0.5892,78.8338,14,44.3955,50,-0.009923
ConstantDuopoly,myopic_router,7,145.2991,1.0000,50.0000,136.5506,151.8794,100.0000,0.5000,50.8230,11,163.2255,50,-0.014530
ConstantDuopoly,random,7,213.6442,1.0000,50.0000,203.7500,152.9107,98.0000,0.5318,55.6075,8,497.2673,50,-0.021364
ConstantDuopoly,immediate,8,238.0965,1.0000,50.0000,219.5949,153.3014,90.0000,0.5054,57.3796,8,564.6874,50,-0.023810
ConstantDuopoly,twap,8,106.6868,0.9997,49.9852,97.5582,151.2550,100.0000,0.6208,61.5869,17,74.5994,50,-0.010669
ConstantDuopoly,myopic_router,8,152.8784,1.0000,50.0000,132.9585,151.9931,100.0000,0.5000,52.4462,14,166.8925,50,-0.015288
ConstantDuopoly,random,8,198.5239,1.0000,50.0000,179.8721,152.6898,96.0000,0.5094,58.6364,11,387.8076,50,-0.019852
ConstantDuopoly,immediate,9,240.5991,1.0000,50.0000,221.5822,153.3390,90.0000,0.9590,56.7933,7,550.1747,50,-0.024060
ConstantDuopoly,twap,9,139.4150,0.9997,49.9852,101.5132,151.7459,100.0000,0.5331,75.4859,15,44.0618,50,-0.013942
ConstantDuopoly,myopic_router,9,157.7889,1.0000,50.0000,133.0769,152.0667,100.0000,0.7782,51.2629,12,151.8749,50,-0.015779
ConstantDuopoly,random,9,211.7382,1.0000,50.0000,190.8623,152.9001,92.0000,0.6474,68.8456,7,400.3357,50,-0.021174
ConstantDuopoly,immediate,10,235.7076,1.0000,50.0000,222.3737,153.2656,90.0000,0.5287,63.0684,6,531.5667,50,-0.023571
ConstantDuopoly,twap,10,101.0782,0.9997,49.9852,102.1820,151.1709,100.0000,0.5089,63.5222,14,55.0586,50,-0.010108
ConstantDuopoly,myopic_router,10,144.0254,1.0000,50.0000,136.1735,151.8603,100.0000,0.5132,53.1643,11,158.3618,50,-0.014403
ConstantDuopoly,random,10,142.3409,1.0000,50.0000,137.0541,151.8651,90.0000,0.5499,60.9199,9,198.9597,50,-0.014234
ConstantDuopoly,immediate,11,240.0138,1.0000,50.0000,221.8801,153.3302,90.0000,0.8386,53.2288,7,559.4854,50,-0.024001
ConstantDuopoly,twap,11,144.6430,0.9997,49.9852,97.5059,151.8244,100.0000,0.5337,56.1246,14,66.8926,50,-0.014464
ConstantDuopoly,myopic_router,11,158.4759,1.0000,50.0000,132.5712,152.0771,100.0000,0.5792,54.3328,11,156.1146,50,-0.015848
ConstantDuopoly,random,11,171.1586,1.0000,50.0000,145.8935,152.2674,100.0000,0.6112,55.7566,9,227.2435,50,-0.017116
ConstantDuopoly,immediate,12,239.8884,1.0000,50.0000,219.0140,153.3283,90.0000,0.9737,40.5346,5,565.4494,50,-0.023989
ConstantDuopoly,twap,12,129.7080,0.9997,49.9852,98.0477,151.6003,100.0000,0.5059,70.4715,14,36.9393,50,-0.012971
ConstantDuopoly,myopic_router,12,161.9275,1.0000,50.0000,132.4157,152.1288,100.0000,0.5772,68.9762,8,158.9755,50,-0.016193
ConstantDuopoly,random,12,198.3634,1.0000,50.0000,170.2477,152.6575,106.0000,0.5051,60.0214,6,346.8257,50,-0.019836
ConstantDuopoly,immediate,13,239.9508,1.0000,50.0000,221.9127,153.3293,90.0000,0.9885,70.6411,11,616.7393,50,-0.023995
ConstantDuopoly,twap,13,119.4261,0.9997,49.9852,99.5039,151.4461,100.0000,0.5071,74.4489,22,63.5430,50,-0.011943
ConstantDuopoly,myopic_router,13,155.2751,1.0000,50.0000,134.0683,152.0290,100.0000,0.6326,78.6953,17,186.2287,50,-0.015528
ConstantDuopoly,random,13,187.4511,1.0000,50.0000,168.6139,152.5658,82.0000,0.5981,78.0008,12,360.0595,50,-0.018745
ConstantDuopoly,immediate,14,238.7371,1.0000,50.0000,218.5492,153.3111,90.0000,0.5200,65.3617,6,515.5561,50,-0.023874
ConstantDuopoly,twap,14,126.6751,0.9997,49.9852,98.5661,151.5548,100.0000,0.5149,67.0015,15,63.7982,50,-0.012668
ConstantDuopoly,myopic_router,14,153.9593,1.0000,50.0000,130.7813,152.0093,100.0000,0.5164,56.9723,11,142.2869,50,-0.015396
ConstantDuopoly,random,14,226.3245,1.0000,50.0000,202.7815,153.1009,98.0000,0.9164,66.6876,8,461.7765,50,-0.022632
ConstantDuopoly,immediate,15,239.5689,1.0000,50.0000,221.4923,153.3235,90.0000,0.6928,54.6467,10,575.1615,50,-0.023957
ConstantDuopoly,twap,15,133.2479,0.9997,49.9852,101.5725,151.6534,100.0000,0.6170,68.6451,19,68.4788,50,-0.013325
ConstantDuopoly,myopic_router,15,155.4158,1.0000,50.0000,133.9254,152.0312,100.0000,0.8346,60.1542,14,181.2983,50,-0.015542
ConstantDuopoly,random,15,156.6664,1.0000,50.0000,134.8533,152.0439,102.0000,0.5110,57.8380,13,266.7277,50,-0.015667
ConstantDuopoly,immediate,16,240.6687,1.0000,50.0000,221.0045,153.3400,90.0000,0.9094,82.2773,13,591.3444,50,-0.024067
ConstantDuopoly,twap,16,108.9502,0.9997,49.9852,99.6101,151.2890,100.0000,0.5086,75.4916,22,67.1542,50,-0.010895
ConstantDuopoly,myopic_router,16,153.9644,1.0000,50.0000,136.5816,152.0094,100.0000,0.8374,73.6483,17,183.4227,50,-0.015396
ConstantDuopoly,random,16,184.0414,1.0000,50.0000,162.6731,152.4726,96.0000,0.5033,73.3726,12,393.1494,50,-0.018404
ConstantDuopoly,immediate,17,239.1518,1.0000,50.0000,218.1566,153.3173,90.0000,0.5195,70.8206,6,599.9516,50,-0.023915
ConstantDuopoly,twap,17,121.1804,0.9997,49.9852,97.0273,151.4724,100.0000,0.5061,59.9497,16,50.2624,50,-0.012118
ConstantDuopoly,myopic_router,17,160.2598,1.0000,50.0000,135.1005,152.1038,100.0000,0.5000,59.1658,12,181.9833,50,-0.016026
ConstantDuopoly,random,17,180.0377,1.0000,50.0000,156.0551,152.4366,88.0000,0.6754,71.2565,10,265.0623,50,-0.018004
ConstantDuopoly,immediate,18,238.5470,1.0000,50.0000,216.4259,153.3082,90.0000,0.5101,71.3381,11,572.2615,50,-0.023855
ConstantDuopoly,twap,18,119.3813,0.9997,49.9852,96.3412,151.4454,100.0000,0.5157,72.9896,21,55.2680,50,-0.011938
ConstantDuopoly,myopic_router,18,154.7926,1.0000,50.0000,130.2005,152.0218,100.0000,0.5046,74.6900,16,164.6951,50,-0.015479
ConstantDuopoly,random,18,227.7989,1.0000,50.0000,204.7863,153.1290,96.0000,0.6397,82.5719,11,546.9789,50,-0.022780
ConstantDuopoly,immediate,19,238.2280,1.0000,50.0000,223.9429,153.3034,90.0000,0.6892,59.0228,7,547.6240,50,-0.023823
ConstantDuopoly,twap,19,118.4649,0.9997,49.9852,99.4497,151.4317,100.0000,0.5020,63.9123,13,58.6771,50,-0.011846
ConstantDuopoly,myopic_router,19,148.8112,1.0000,50.0000,134.9342,151.9321,100.0000,0.5642,53.1813,12,160.4028,50,-0.014881
ConstantDuopoly,random,19,158.2777,1.0000,50.0000,138.7236,152.0262,116.0000,0.5005,58.5440,9,310.5895,50,-0.015828
ConstantDuopoly,immediate,20,239.9013,1.0000,50.0000,222.9629,153.3285,90.0000,0.6288,74.2160,6,554.0905,50,-0.023990
ConstantDuopoly,twap,20,112.7096,0.9997,49.9852,98.4032,151.3454,100.0000,0.5657,69.4511,16,35.0746,50,-0.011271
ConstantDuopoly,myopic_router,20,155.1754,1.0000,50.0000,136.5813,152.0275,100.0000,0.6837,52.5079,12,163.7129,50,-0.015518
ConstantDuopoly,random,20,155.4198,1.0000,50.0000,140.4359,152.0553,92.0000,0.5810,59.6868,10,213.1689,50,-0.015542
ConstantDuopoly,immediate,21,233.0267,1.0000,50.0000,219.8620,153.2254,90.0000,0.5818,66.7346,12,613.8896,50,-0.023303
ConstantDuopoly,twap,21,117.7311,0.9997,49.9852,96.0935,151.4207,100.0000,0.5005,56.9473,11,34.3687,50,-0.011773
ConstantDuopoly,myopic_router,21,150.9681,1.0000,50.0000,135.1459,151.9644,100.0000,0.5100,65.2959,10,173.0824,50,-0.015097
ConstantDuopoly,random,21,220.6738,1.0000,50.0000,201.2399,152.9741,112.0000,0.6523,65.9996,10,527.4398,50,-0.022067
ConstantDuopoly,immediate,22,238.3327,1.0000,50.0000,223.4290,153.3050,90.0000,0.8259,64.3275,10,576.8619,50,-0.023833
ConstantDuopoly,twap,22,108.9365,0.9997,49.9852,99.4969,151.2888,100.0000,0.5041,70.5189,19,59.8056,50,-0.010894
ConstantDuopoly,myopic_router,22,148.3679,1.0000,50.0000,135.6586,151.9254,100.0000,0.7233,60.3026,16,154.4502,50,-0.014837
ConstantDuopoly,random,22,195.6879,1.0000,50.0000,181.2569,152.6233,104.0000,0.5087,62.0721,11,389.6259,50,-0.019569
ConstantDuopoly,immediate,23,235.3740,1.0000,50.0000,218.8503,153.2606,90.0000,0.5093,65.6180,8,523.8743,50,-0.023537
ConstantDuopoly,twap,23,102.7152,0.9997,49.9852,98.6651,151.1954,100.0000,0.5057,66.3777,15,48.9685,50,-0.010272
ConstantDuopoly,myopic_router,23,147.8474,1.0000,50.0000,131.5256,151.9176,100.0000,0.5056,54.2612,13,134.0969,50,-0.014785
ConstantDuopoly,random,23,158.7433,1.0000,50.0000,142.9521,152.0991,94.0000,0.5029,54.0971,10,279.7773,50,-0.015874
ConstantDuopoly,immediate,24,236.2328,1.0000,50.0000,221.4468,153.2735,90.0000,0.5038,62.7152,7,561.6784,50,-0.023623
ConstantDuopoly,twap,24,109.4226,0.9997,49.9852,102.9188,151.2961,100.0000,0.5051,70.0352,15,51.5020,50,-0.010942
ConstantDuopoly,myopic_router,24,147.4273,1.0000,50.0000,136.0153,151.9113,100.0000,0.5058,63.0066,12,172.0992,50,-0.014743
ConstantDuopoly,random,24,165.7791,1.0000,50.0000,157.4606,152.1747,104.0000,0.5105,62.7083,10,265.7726,50,-0.016578
ConstantDuopoly,immediate,25,239.5699,1.0000,50.0000,218.6185,153.3235,90.0000,0.5082,65.9660,9,522.7669,50,-0.023957
ConstantDuopoly,twap,25,132.0359,0.9997,49.9852,96.8523,151.6353,100.0000,0.5005,63.0179,17,52.2790,50,-0.013204
ConstantDuopoly,myopic_router,25,159.9155,1.0000,50.0000,133.3642,152.0986,100.0000,0.5024,61.5231,14,146.9956,50,-0.015992
ConstantDuopoly,random,25,204.0074,1.0000,50.0000,179.0751,152.7661,98.0000,0.5105,72.3661,10,370.8529,50,-0.020401
ConstantDuopoly,immediate,26,238.7040,1.0000,50.0000,222.7594,153.3106,90.0000,0.5804,67.2848,8,570.7917,50,-0.023870
ConstantDuopoly,twap,26,114.1840,0.9997,49.9852,99.4192,151.3675,100.0000,0.5000,74.3292,16,56.2443,50,-0.011418
ConstantDuopoly,myopic_router,26,152.2211,1.0000,50.0000,135.1694,151.9832,100.0000,0.5338,65.5021,13,157.0613,50,-0.015222
ConstantDuopoly,random,26,221.7397,1.0000,50.0000,202.0098,153.0081,106.0000,0.5069,71.1011,9,499.8199,50,-0.022174
ConstantDuopoly,immediate,27,236.6767,1.0000,50.0000,221.5081,153.2802,90.0000,0.5130,73.2612,11,588.2762,50,-0.023668
ConstantDuopoly,twap,27,113.6508,0.9997,49.9852,99.4429,151.3595,100.0000,0.5037,78.8479,18,68.6381,50,-0.011365
ConstantDuopoly,myopic_router,27,152.5040,1.0000,50.0000,134.4991,151.9875,100.0000,0.5157,72.1249,15,180.2770,50,-0.015250
ConstantDuopoly,random,27,217.5386,1.0000,50.0000,202.3328,152.9811,94.0000,0.5366,71.2489,10,559.9369,50,-0.021754
ConstantDuopoly,immediate,28,238.8531,1.0000,50.0000,221.8820,153.3128,90.0000,0.9059,58.1270,9,539.6922,50,-0.023885
ConstantDuopoly,twap,28,111.2462,0.9997,49.9852,99.4088,151.3234,100.0000,0.5764,66.8066,18,64.0847,50,-0.011125
ConstantDuopoly,myopic_router,28,150.6556,1.0000,50.0000,134.2760,151.9597,100.0000,0.8608,66.8041,15,147.2336,50,-0.015066
ConstantDuopoly,random,28,191.6374,1.0000,50.0000,174.2990,152.5866,96.0000,0.5045,75.9293,11,295.9218,50,-0.019164
ConstantDuopoly,immediate,29,238.8336,1.0000,50.0000,223.1288,153.3125,90.0000,0.6911,66.5438,7,598.9760,50,-0.023883
ConstantDuopoly,twap,29,116.4450,0.9997,49.9852,98.4174,151.4014,100.0000,0.5164,66.0850,16,55.3581,50,-0.011644
ConstantDuopoly,myopic_router,29,154.0174,1.0000,50.0000,135.1745,152.0102,100.0000,0.6846,55.6016,13,182.4126,50,-0.015402
ConstantDuopoly,random,29,218.5219,1.0000,50.0000,199.5238,153.0018,92.0000,0.6003,52.6525,11,498.2684,50,-0.021852
ConstantDuopoly,immediate,30,241.7300,1.0000,50.0000,221.0330,153.3559,90.0000,0.5139,82.7731,9,576.5724,50,-0.024173
ConstantDuopoly,twap,30,108.5687,0.9997,49.9852,100.0966,151.2833,100.0000,0.5021,70.6489,17,76.2111,50,-0.010857
ConstantDuopoly,myopic_router,30,153.1727,1.0000,50.0000,135.1924,151.9975,100.0000,0.5064,71.3409,12,172.7639,50,-0.015317
ConstantDuopoly,random,30,227.3845,1.0000,50.0000,210.5327,153.1168,98.0000,0.6644,74.5501,9,533.5077,50,-0.022738
ConstantDuopoly,immediate,31,234.0544,1.0000,50.0000,219.3898,153.2408,90.0000,0.5198,57.3965,8,566.1981,50,-0.023405
ConstantDuopoly,twap,31,104.7007,0.9997,49.9852,105.3700,151.2252,100.0000,0.5149,71.1959,13,86.9337,50,-0.010470
ConstantDuopoly,myopic_router,31,149.4732,1.0000,50.0000,138.7489,151.9420,100.0000,0.5047,62.6439,11,189.5455,50,-0.014947
ConstantDuopoly,random,31,200.2939,1.0000,50.0000,189.7988,152.7224,94.0000,0.5064,64.2038,9,414.6867,50,-0.020029
ConstantDuopoly,immediate,32,236.3738,1.0000,50.0000,221.6468,153.2756,90.0000,0.5071,67.0714,7,561.0345,50,-0.023637
ConstantDuopoly,twap,32,99.3550,0.9997,49.9852,100.3285,151.1450,100.0000,0.5029,79.0194,17,48.5170,50,-0.009935
ConstantDuopoly,myopic_router,32,145.7930,1.0000,50.0000,134.7793,151.8868,100.0000,0.5063,49.9381,13,157.3941,50,-0.014579
ConstantDuopoly,random,32,238.2982,1.0000,50.0000,222.0289,153.2805,98.0000,0.5250,69.7864,7,561.0369,50,-0.023830
ConstantDuopoly,immediate,33,238.5360,1.0000,50.0000,224.0631,153.3080,90.0000,0.9611,65.1001,9,615.3135,50,-0.023854
ConstantDuopoly,twap,33,104.8136,0.9997,49.9852,101.9116,151.2269,100.0000,0.5463,72.7091,19,58.1251,50,-0.010481
ConstantDuopoly,myopic_router,33,150.4885,1.0000,50.0000,136.7512,151.9572,100.0000,0.7389,63.2444,14,197.6469,50,-0.015049
ConstantDuopoly,random,33,159.1785,1.0000,50.0000,144.3251,152.0937,98.0000,0.5735,64.2883,12,315.6349,50,-0.015918
ConstantDuopoly,immediate,34,238.9701,1.0000,50.0000,222.5884,153.3146,90.0000,0.9071,62.7352,11,573.4614,50,-0.023897
ConstantDuopoly,twap,34,101.5900,0.9997,49.9852,105.4520,151.1786,100.0000,0.5124,74.7005,19,91.7329,50,-0.010159
ConstantDuopoly,myopic_router,34,149.2681,1.0000,50.0000,136.0981,151.9389,100.0000,0.5304,65.6889,16,183.2632,50,-0.014927
ConstantDuopoly,random,34,240.8776,1.0000,50.0000,222.6043,153.3012,104.0000,0.7020,77.4301,13,563.8813,50,-0.024088
ConstantDuopoly,immediate,35,242.6746,1.0000,50.0000,219.7247,153.3701,90.0000,0.9794,60.0122,7,606.7797,50,-0.024267
ConstantDuopoly,twap,35,139.7378,0.9997,49.9852,101.4897,151.7508,100.0000,0.5326,72.7326,17,59.4535,50,-0.013974
ConstantDuopoly,myopic_router,35,162.2371,1.0000,50.0000,131.3355,152.1335,100.0000,0.7806,67.7057,12,178.3877,50,-0.016224
ConstantDuopoly,random,35,179.4943,1.0000,50.0000,140.7881,152.3804,104.0000,0.5096,66.7571,10,214.0390,50,-0.017949
ConstantDuopoly,immediate,36,239.2564,1.0000,50.0000,217.5201,153.3188,90.0000,0.5010,65.6379,5,556.9331,50,-0.023926
ConstantDuopoly,twap,36,142.4929,0.9997,49.9852,104.2414,151.7921,100.0000,0.5565,78.9259,14,48.9005,50,-0.014249
ConstantDuopoly,myopic_router,36,161.5558,1.0000,50.0000,130.9213,152.1233,100.0000,0.5329,68.7879,10,144.2916,50,-0.016156
ConstantDuopoly,random,36,203.4302,1.0000,50.0000,177.8933,152.7635,96.0000,0.5002,74.8337,6,374.3778,50,-0.020343
ConstantDuopoly,immediate,37,237.7257,1.0000,50.0000,217.3640,153.2959,90.0000,0.5292,47.6444,6,582.2291,50,-0.023773
ConstantDuopoly,twap,37,129.2681,0.9997,49.9852,96.2332,151.5937,100.0000,0.6459,70.6355,15,46.5492,50,-0.012927
ConstantDuopoly,myopic_router,37,154.4161,1.0000,50.0000,129.4757,152.0162,100.0000,0.5007,51.7199,11,159.2050,50,-0.015442
ConstantDuopoly,random,37,224.3786,1.0000,50.0000,200.1262,153.0837,94.0000,0.7777,49.0511,7,521.5531,50,-0.022438
ConstantDuopoly,immediate,38,238.7438,1.0000,50.0000,221.3137,153.3112,90.0000,0.5217,68.2522,7,559.7124,50,-0.023874
ConstantDuopoly,twap,38,114.1933,0.9997,49.9852,99.9300,151.3676,100.0000,0.5210,74.7686,16,38.9082,50,-0.011419
ConstantDuopoly,myopic_router,38,152.9345,1.0000,50.0000,133.3209,151.9939,100.0000,0.5098,63.5839,12,158.1233,50,-0.015293
ConstantDuopoly,random,38,174.0031,1.0000,50.0000,156.0649,152.3280,94.0000,0.5984,57.6907,8,335.4398,50,-0.017400
ConstantDuopoly,immediate,39,237.7918,1.0000,50.0000,219.1479,153.2969,90.0000,0.5070,73.8031,9,583.2835,50,-0.023779
ConstantDuopoly,twap,39,113.1397,0.9997,49.9852,97.8600,151.3518,100.0000,0.5003,76.6473,20,38.8894,50,-0.011314
ConstantDuopoly,myopic_router,39,151.4721,1.0000,50.0000,133.1984,151.9720,100.0000,0.5404,68.4327,14,170.1875,50,-0.015147
ConstantDuopoly,random,39,168.3568,1.0000,50.0000,147.2716,152.2313,98.0000,0.5037,64.9644,11,352.8131,50,-0.016836
ConstantDuopoly,immediate,40,232.2472,1.0000,50.0000,221.2697,153.2137,90.0000,0.5868,59.7444,7,533.5732,50,-0.023225
ConstantDuopoly,twap,40,100.2439,0.9997,49.9852,98.1491,151.1584,100.0000,0.6079,61.9245,14,38.1635,50,-0.010024
ConstantDuopoly,myopic_router,40,141.0930,1.0000,50.0000,135.4547,151.8163,100.0000,0.5127,46.8683,10,165.8098,50,-0.014109
ConstantDuopoly,random,40,168.9648,1.0000,50.0000,155.8446,152.2225,104.0000,0.5512,52.6032,8,317.4213,50,-0.016896
ConstantDuopoly,immediate,41,240.1194,1.0000,50.0000,220.5137,153.3318,90.0000,0.6823,75.1387,10,558.0548,50,-0.024012
ConstantDuopoly,twap,41,134.8460,0.9997,49.9852,97.9720,151.6774,100.0000,0.5127,68.4717,20,54.9131,50,-0.013485
ConstantDuopoly,myopic_router,41,160.3693,1.0000,50.0000,132.0805,152.1055,100.0000,0.8891,69.1079,16,162.3573,50,-0.016037
ConstantDuopoly,random,41,165.9088,1.0000,50.0000,137.4071,152.1586,110.0000,0.5792,65.2671,12,257.1816,50,-0.016591
ConstantDuopoly,immediate,42,236.3587,1.0000,50.0000,217.9077,153.2754,90.0000,0.5890,60.2653,7,517.5985,50,-0.023636
ConstantDuopoly,twap,42,110.8244,0.9997,49.9852,97.4498,151.3171,100.0000,0.5115,66.4995,17,47.8887,50,-0.011082
ConstantDuopoly,myopic_router,42,151.3817,1.0000,50.0000,131.7272,151.9706,100.0000,0.5301,73.6295,13,138.7701,50,-0.015138
ConstantDuopoly,random,42,235.9238,1.0000,50.0000,214.6313,153.2209,106.0000,0.5185,65.4131,7,515.3641,50,-0.023592
ConstantDuopoly,immediate,43,240.4543,1.0000,50.0000,222.7224,153.3368,90.0000,0.8216,74.2049,13,608.2754,50,-0.024045
ConstantDuopoly,twap,43,107.1563,0.9997,49.9852,100.5820,151.2621,100.0000,0.5053,73.7574,22,81.4586,50,-0.010716
ConstantDuopoly,myopic_router,43,151.6826,1.0000,50.0000,135.8614,151.9752,100.0000,0.6609,68.3131,17,209.6761,50,-0.015168
ConstantDuopoly,random,43,202.3289,1.0000,50.0000,186.1005,152.7469,96.0000,0.5108,80.5475,12,454.7582,50,-0.020233
ConstantDuopoly,immediate,44,241.7316,1.0000,50.0000,220.8772,153.3560,90.0000,0.7909,65.9019,6,606.9327,50,-0.024173
ConstantDuopoly,twap,44,128.8430,0.9997,49.9852,99.2634,151.5874,100.0000,0.5045,67.5317,15,45.4922,50,-0.012884
ConstantDuopoly,myopic_router,44,162.2628,1.0000,50.0000,133.9500,152.1339,100.0000,0.8429,67.2847,13,183.9564,50,-0.016226
ConstantDuopoly,random,44,184.8156,1.0000,50.0000,156.4736,152.5022,90.0000,0.5967,74.5748,12,268.0965,50,-0.018482
ConstantDuopoly,immediate,45,236.5444,1.0000,50.0000,225.8829,153.2782,90.0000,0.5428,53.8038,8,616.1866,50,-0.023654
ConstantDuopoly,twap,45,95.0266,0.9997,49.9852,101.1094,151.0801,100.0000,0.5825,69.6939,17,69.6839,50,-0.009503
ConstantDuopoly,myopic_router,45,141.2495,1.0000,50.0000,136.9548,151.8187,100.0000,0.5977,54.6768,12,199.4954,50,-0.014125
ConstantDuopoly,random,45,190.1298,1.0000,50.0000,192.8273,152.5639,96.0000,0.5948,66.3035,10,400.6196,50,-0.019013
ConstantDuopoly,immediate,46,239.2439,1.0000,50.0000,221.4875,153.3187,90.0000,0.9250,67.7621,9,532.6249,50,-0.023924
ConstantDuopoly,twap,46,106.0824,0.9997,49.9852,101.1520,151.2460,100.0000,0.5564,66.1107,17,71.0129,50,-0.010608
ConstantDuopoly,myopic_router,46,148.7793,1.0000,50.0000,135.5885,151.9316,100.0000,0.8590,73.3224,14,146.4363,50,-0.014878
ConstantDuopoly,random,46,163.6544,1.0000,50.0000,151.0055,152.1368,106.0000,0.5632,73.3733,9,348.8508,50,-0.016365
ConstantDuopoly,immediate,47,238.4179,1.0000,50.0000,224.3292,153.3063,90.0000,0.8386,57.1274,8,588.9768,50,-0.023842
ConstantDuopoly,twap,47,113.0858,0.9997,49.9852,97.3998,151.3510,100.0000,0.5607,53.1352,14,35.5603,50,-0.011309
ConstantDuopoly,myopic_router,47,147.7278,1.0000,50.0000,136.2332,151.9158,100.0000,0.8397,56.5051,13,182.8741,50,-0.014773
ConstantDuopoly,random,47,155.6035,1.0000,50.0000,142.2310,152.0700,88.0000,0.5079,56.2321,10,316.3154,50,-0.015560
ConstantDuopoly,immediate,48,239.3554,1.0000,50.0000,222.6243,153.3203,90.0000,0.5011,51.0582,7,583.8760,50,-0.023936
ConstantDuopoly,twap,48,113.3154,0.9997,49.9852,97.6212,151.3544,100.0000,0.5035,65.8514,15,59.8543,50,-0.011332
ConstantDuopoly,myopic_router,48,153.1407,1.0000,50.0000,134.1335,151.9970,100.0000,0.5196,50.5467,13,173.6017,50,-0.015314
ConstantDuopoly,random,48,238.2251,1.0000,50.0000,220.1057,153.2914,94.0000,0.8374,54.7448,8,565.2641,50,-0.023823
ConstantDuopoly,immediate,49,242.2339,1.0000,50.0000,219.5851,153.3635,90.0000,0.9154,74.1748,8,552.3977,50,-0.024223
ConstantDuopoly,twap,49,138.5374,0.9997,49.9852,99.5123,151.7328,100.0000,0.5098,64.0534,12,59.9185,50,-0.013854
ConstantDuopoly,myopic_router,49,158.6229,1.0000,50.0000,131.3662,152.0793,100.0000,0.8125,50.8386,12,144.1362,50,-0.015862
ConstantDuopoly,random,49,250.2205,1.0000,50.0000,226.7318,153.4713,94.0000,0.5935,72.4624,7,575.3490,50,-0.025022
DynamicMonopoly,immediate,0,244.5753,1.0000,50.0000,224.8473,193.4555,90.0000,1.0000,58.7308,9,806.3766,50,-0.024458
DynamicMonopoly,twap,0,114.2805,0.9997,49.9852,92.9459,212.5306,100.0000,1.0000,51.7855,15,153.3050,50,-0.011428
DynamicMonopoly,myopic_router,0,157.5880,1.0000,50.0000,137.8621,211.5963,100.0000,1.0000,56.5137,12,371.6697,50,-0.015759
DynamicMonopoly,random,0,214.8463,1.0000,50.0000,196.1623,218.3851,88.0000,1.0000,59.2607,10,603.6735,50,-0.021485
DynamicMonopoly,immediate,1,246.5586,1.0000,50.0000,221.9063,188.4236,90.0000,1.0000,50.1526,9,714.9574,50,-0.024656
DynamicMonopoly,twap,1,122.2541,0.9997,49.9852,92.5140,211.7260,100.0000,1.0000,44.4006,14,131.3895,50,-0.012225
DynamicMonopoly,myopic_router,1,163.5999,1.0000,50.0000,133.3104,203.8066,100.0000,1.0000,45.6956,10,307.4560,50,-0.016360
DynamicMonopoly,random,1,237.2378,1.0000,50.0000,213.6870,211.5613,86.0000,1.0000,55.3318,9,680.2840,50,-0.023724
DynamicMonopoly,immediate,2,241.1133,1.0000,50.0000,230.1574,202.5314,90.0000,1.0000,50.3033,8,768.0517,50,-0.024111
DynamicMonopoly,twap,2,98.9864,0.9997,49.9852,99.9238,224.1712,100.0000,1.0000,48.7653,13,115.9384,50,-0.009899
DynamicMonopoly,myopic_router,2,145.6961,1.0000,50.0000,140.2003,215.5446,100.0000,1.0000,47.8619,12,306.2584,50,-0.014570
DynamicMonopoly,random,2,226.4301,1.0000,50.0000,221.4630,240.4391,92.0000,1.0000,50.2983,8,672.6603,50,-0.022643
DynamicMonopoly,immediate,3,242.1610,1.0000,50.0000,227.9519,198.7684,90.0000,1.0000,58.4920,9,802.7620,50,-0.024216
DynamicMonopoly,twap,3,112.4472,0.9997,49.9852,96.1113,217.8782,100.0000,1.0000,59.5718,11,104.9832,50,-0.011245
DynamicMonopoly,myopic_router,3,147.8198,1.0000,50.0000,135.8867,208.2850,100.0000,1.0000,58.7253,10,324.6236,50,-0.014782
DynamicMonopoly,random,3,243.2964,1.0000,50.0000,235.8828,213.4406,76.0000,1.0000,68.3061,8,813.0579,50,-0.024330
DynamicMonopoly,immediate,4,244.0389,1.0000,50.0000,224.9324,193.6238,90.0000,1.0000,49.9845,7,706.6459,50,-0.024404
DynamicMonopoly,twap,4,132.6380,0.9997,49.9852,99.3288,223.3968,100.0000,1.0000,49.9779,14,142.3358,50,-0.013264
DynamicMonopoly,myopic_router,4,159.2182,1.0000,50.0000,133.9857,205.0020,100.0000,1.0000,47.5224,11,289.4562,50,-0.015922
DynamicMonopoly,random,4,243.5866,1.0000,50.0000,223.1198,196.8191,92.0000,1.0000,52.5024,6,720.6124,50,-0.024359
DynamicMonopoly,immediate,5,243.6798,1.0000,50.0000,226.1700,195.7481,90.0000,1.0000,52.2642,9,823.3539,50,-0.024368
DynamicMonopoly,twap,5,120.9209,0.9997,49.9852,91.6797,210.3551,100.0000,1.0000,48.7175,18,125.5380,50,-0.012092
DynamicMonopoly,myopic_router,5,156.7965,1.0000,50.0000,135.3794,207.4061,100.0000,1.0000,48.4077,11,368.9067,50,-0.015680
DynamicMonopoly,random,5,240.6097,1.0000,50.0000,222.0540,196.7200,96.0000,1.0000,53.6069,11,819.5538,50,-0.024061
DynamicMonopoly,immediate,6,243.6285,1.0000,50.0000,225.0485,193.8564,90.0000,1.0000,70.2867,9,746.5959,50,-0.024363
DynamicMonopoly,twap,6,128.8094,0.9997,49.9852,89.0532,206.1539,100.0000,1.0000,66.4088,12,133.7760,50,-0.012881
DynamicMonopoly,myopic_router,6,161.9855,1.0000,50.0000,135.2209,207.1416,100.0000,1.0000,69.9014,10,322.8595,50,-0.016199
DynamicMonopoly,random,6,237.5877,1.0000,50.0000,215.9421,239.8610,88.0000,1.0000,73.7597,8,709.7779,50,-0.023759
DynamicMonopoly,immediate,7,242.2188,1.0000,50.0000,229.4736,201.3771,90.0000,1.0000,55.5939,6,735.2431,50,-0.024222
DynamicMonopoly,twap,7,100.5807,0.9997,49.9852,101.0139,226.0471,100.0000,1.0000,52.8571,13,96.9654,50,-0.010058
DynamicMonopoly,myopic_router,7,150.0945,1.0000,50.0000,141.3459,217.5070,100.0000,1.0000,51.4521,9,295.1953,50,-0.015009
DynamicMonopoly,random,7,211.2803,1.0000,50.0000,202.9862,203.2247,90.0000,1.0000,56.6526,6,620.1810,50,-0.021128
DynamicMonopoly,immediate,8,244.0186,1.0000,50.0000,225.5170,194.6358,90.0000,1.0000,56.7285,10,723.5390,50,-0.024402
DynamicMonopoly,twap,8,111.1642,0.9997,49.9852,102.0369,227.8537,100.0000,1.0000,53.6065,13,175.1702,50,-0.011116
DynamicMonopoly,myopic_router,8,156.8670,1.0000,50.0000,136.9471,210.0203,100.0000,1.0000,56.2228,11,322.6352,50,-0.015687
DynamicMonopoly,random,8,212.4496,1.0000,50.0000,194.9978,236.6701,90.0000,1.0000,59.7566,8,620.7050,50,-0.021245
DynamicMonopoly,immediate,9,244.4518,1.0000,50.0000,225.4349,194.4683,90.0000,1.0000,74.8858,6,782.3070,50,-0.024445
DynamicMonopoly,twap,9,136.0794,0.9997,49.9852,98.1766,221.4968,100.0000,1.0000,74.9995,12,182.8904,50,-0.013608
DynamicMonopoly,myopic_router,9,161.0101,1.0000,50.0000,136.2982,208.9441,100.0000,1.0000,76.4270,9,317.7954,50,-0.016101
DynamicMonopoly,random,9,212.0353,1.0000,50.0000,192.3594,213.0729,86.0000,1.0000,78.7570,7,623.1034,50,-0.021204
DynamicMonopoly,immediate,10,241.4854,1.0000,50.0000,228.1516,199.1030,90.0000,1.0000,62.7726,9,678.0771,50,-0.024149
DynamicMonopoly,twap,10,103.6216,0.9997,49.9852,104.7262,232.4420,100.0000,1.0000,60.2188,10,144.1480,50,-0.010362
DynamicMonopoly,myopic_router,10,148.2471,1.0000,50.0000,140.3952,215.8712,100.0000,1.0000,57.4797,10,283.5829,50,-0.014825
DynamicMonopoly,random,10,172.5300,1.0000,50.0000,168.4432,245.2226,84.0000,1.0000,64.1982,8,445.1728,50,-0.017253
DynamicMonopoly,immediate,11,244.2509,1.0000,50.0000,226.1172,195.6784,90.0000,1.0000,90.4174,6,821.6629,50,-0.024425
DynamicMonopoly,twap,11,139.3584,0.9997,49.9852,92.2197,211.4093,100.0000,1.0000,84.5091,12,163.3243,50,-0.013936
DynamicMonopoly,myopic_router,11,160.4020,1.0000,50.0000,134.4972,205.9075,100.0000,1.0000,88.6809,10,353.4390,50,-0.016040
DynamicMonopoly,random,11,169.9056,1.0000,50.0000,147.8405,204.0855,84.0000,1.0000,89.6743,9,418.8710,50,-0.016991
DynamicMonopoly,immediate,12,244.4810,1.0000,50.0000,223.6066,191.3879,90.0000,1.0000,47.7318,8,759.2925,50,-0.024448
DynamicMonopoly,twap,12,126.8870,0.9997,49.9852,95.2258,216.3813,100.0000,1.0000,48.5699,11,105.9298,50,-0.012689
DynamicMonopoly,myopic_router,12,165.0242,1.0000,50.0000,135.5124,207.6402,100.0000,1.0000,50.4947,8,305.3015,50,-0.016502
DynamicMonopoly,random,12,194.7513,1.0000,50.0000,169.8355,205.6723,90.0000,1.0000,50.1711,10,460.6839,50,-0.019475
DynamicMonopoly,immediate,13,244.7609,1.0000,50.0000,226.7228,196.6693,90.0000,1.0000,57.0504,10,785.1760,50,-0.024476
DynamicMonopoly,twap,13,121.7513,0.9997,49.9852,101.8298,227.5623,100.0000,1.0000,53.0287,16,179.3653,50,-0.012175
DynamicMonopoly,myopic_router,13,158.0904,1.0000,50.0000,136.8835,209.9170,100.0000,1.0000,54.3732,14,317.2731,50,-0.015809
DynamicMonopoly,random,13,184.8259,1.0000,50.0000,165.9887,220.1387,82.0000,1.0000,57.2978,12,491.0105,50,-0.018483
DynamicMonopoly,immediate,14,244.2644,1.0000,50.0000,224.0765,192.1606,90.0000,1.0000,57.5040,8,667.2658,50,-0.024426
DynamicMonopoly,twap,14,124.2245,0.9997,49.9852,96.1147,217.9019,100.0000,1.0000,50.7642,14,121.0788,50,-0.012422
DynamicMonopoly,myopic_router,14,156.8081,1.0000,50.0000,133.6301,204.3818,100.0000,1.0000,48.4839,9,276.6011,50,-0.015681
DynamicMonopoly,random,14,211.2022,1.0000,50.0000,189.6592,153.8019,88.0000,1.0000,53.2235,6,581.9876,50,-0.021120
DynamicMonopoly,immediate,15,243.8502,1.0000,50.0000,225.7735,195.0446,90.0000,1.0000,73.5523,9,806.8542,50,-0.024385
DynamicMonopoly,twap,15,126.2869,0.9997,49.9852,94.6094,215.3482,100.0000,1.0000,71.0754,18,127.3195,50,-0.012629
DynamicMonopoly,myopic_router,15,158.6372,1.0000,50.0000,137.1468,210.3925,100.0000,1.0000,73.2869,12,363.0918,50,-0.015864
DynamicMonopoly,random,15,225.2087,1.0000,50.0000,205.7956,200.5899,90.0000,1.0000,77.7560,12,688.0615,50,-0.022521
DynamicMonopoly,immediate,16,246.1268,1.0000,50.0000,226.4626,196.1723,90.0000,1.0000,57.3646,9,789.5501,50,-0.024613
DynamicMonopoly,twap,16,111.0289,0.9997,49.9852,101.6894,227.2429,100.0000,1.0000,56.5103,18,146.9690,50,-0.011103
DynamicMonopoly,myopic_router,16,155.4632,1.0000,50.0000,138.0804,211.9060,100.0000,1.0000,54.7369,13,327.7067,50,-0.015546
DynamicMonopoly,random,16,232.4726,1.0000,50.0000,213.5043,223.1369,84.0000,1.0000,63.0294,11,718.9656,50,-0.023247
DynamicMonopoly,immediate,17,245.9279,1.0000,50.0000,224.9327,193.6008,90.0000,1.0000,51.6384,8,774.0507,50,-0.024593
DynamicMonopoly,twap,17,121.9520,0.9997,49.9852,97.7991,220.7259,100.0000,1.0000,49.1503,15,126.0662,50,-0.012195
DynamicMonopoly,myopic_router,17,160.1829,1.0000,50.0000,135.0237,206.7317,100.0000,1.0000,46.8489,11,297.5606,50,-0.016018
DynamicMonopoly,random,17,179.6299,1.0000,50.0000,156.8473,210.5325,82.0000,1.0000,50.0136,9,386.6795,50,-0.017963
DynamicMonopoly,immediate,18,245.4498,1.0000,50.0000,223.3287,190.8467,90.0000,1.0000,47.6468,10,747.2828,50,-0.024545
DynamicMonopoly,twap,18,121.8249,0.9997,49.9852,98.7855,222.3675,100.0000,1.0000,50.0030,17,159.6637,50,-0.012182
DynamicMonopoly,myopic_router,18,160.9292,1.0000,50.0000,136.3371,208.9437,100.0000,1.0000,45.3872,13,319.5250,50,-0.016093
DynamicMonopoly,random,18,243.2747,1.0000,50.0000,221.8621,191.4427,88.0000,1.0000,49.7534,9,763.0722,50,-0.024327
DynamicMonopoly,immediate,19,241.8562,1.0000,50.0000,227.5712,198.1144,90.0000,1.0000,56.6793,8,783.4338,50,-0.024186
DynamicMonopoly,twap,19,117.4159,0.9997,49.9852,98.4003,221.7497,100.0000,1.0000,57.4887,12,139.9064,50,-0.011742
DynamicMonopoly,myopic_router,19,152.3465,1.0000,50.0000,138.4695,212.6366,100.0000,1.0000,56.9817,11,356.8296,50,-0.015235
DynamicMonopoly,random,19,241.5485,1.0000,50.0000,227.1944,197.6576,90.0000,1.0000,57.5280,8,780.8519,50,-0.024155
DynamicMonopoly,immediate,20,243.7902,1.0000,50.0000,226.8518,196.8946,90.0000,1.0000,50.8028,5,786.3213,50,-0.024379
DynamicMonopoly,twap,20,114.2046,0.9997,49.9852,99.8987,224.2107,100.0000,1.0000,48.2478,14,111.5660,50,-0.011420
DynamicMonopoly,myopic_router,20,156.9973,1.0000,50.0000,138.4031,212.5126,100.0000,1.0000,46.0075,9,315.3218,50,-0.015700
DynamicMonopoly,random,20,153.1987,1.0000,50.0000,140.2148,196.7154,82.0000,1.0000,50.0224,7,389.1903,50,-0.015320
DynamicMonopoly,immediate,21,241.8246,1.0000,50.0000,228.6600,200.0091,90.0000,1.0000,57.7448,10,826.4508,50,-0.024182
DynamicMonopoly,twap,21,118.5486,0.9997,49.9852,96.9113,219.2487,100.0000,1.0000,51.9528,12,101.4475,50,-0.011855
DynamicMonopoly,myopic_router,21,153.4636,1.0000,50.0000,137.6413,211.2785,100.0000,1.0000,51.7662,11,346.2031,50,-0.015346
DynamicMonopoly,random,21,221.7257,1.0000,50.0000,205.0917,185.2657,98.0000,1.0000,53.3345,11,699.9352,50,-0.022173
DynamicMonopoly,immediate,22,242.6810,1.0000,50.0000,227.7773,198.4767,90.0000,1.0000,49.9292,8,798.7628,50,-0.024268
DynamicMonopoly,twap,22,106.1601,0.9997,49.9852,96.7197,218.8032,100.0000,1.0000,46.9069,17,135.9025,50,-0.010616
DynamicMonopoly,myopic_router,22,151.6122,1.0000,50.0000,138.9030,213.3420,100.0000,1.0000,49.7742,12,326.2500,50,-0.015161
DynamicMonopoly,random,22,184.1183,1.0000,50.0000,172.0873,204.3758,92.0000,1.0000,50.1971,11,505.6854,50,-0.018412
DynamicMonopoly,immediate,23,243.6731,1.0000,50.0000,227.1494,197.4246,90.0000,1.0000,66.2658,8,671.9527,50,-0.024367
DynamicMonopoly,twap,23,108.8916,0.9997,49.9852,104.8433,232.6023,100.0000,1.0000,59.7819,11,140.3122,50,-0.010889
DynamicMonopoly,myopic_router,23,154.6585,1.0000,50.0000,138.3367,212.3954,100.0000,1.0000,63.4783,10,263.3518,50,-0.015466
DynamicMonopoly,random,23,250.6017,1.0000,50.0000,237.2105,266.3788,82.0000,1.0000,68.7543,6,739.6909,50,-0.025060
DynamicMonopoly,immediate,24,242.7334,1.0000,50.0000,227.9475,198.7488,90.0000,1.0000,50.9254,7,736.6919,50,-0.024273
DynamicMonopoly,twap,24,109.1613,0.9997,49.9852,102.6575,228.9099,100.0000,1.0000,52.6123,14,128.1989,50,-0.010916
DynamicMonopoly,myopic_router,24,152.1599,1.0000,50.0000,140.7479,216.4692,100.0000,1.0000,51.8160,12,302.2961,50,-0.015216
DynamicMonopoly,random,24,149.4848,1.0000,50.0000,143.5663,215.3594,92.0000,1.0000,51.2907,9,344.9441,50,-0.014948
DynamicMonopoly,immediate,25,245.1091,1.0000,50.0000,224.1577,192.2766,90.0000,1.0000,59.9366,8,693.1918,50,-0.024511
DynamicMonopoly,twap,25,134.7249,0.9997,49.9852,99.5421,223.7749,100.0000,1.0000,52.9339,16,157.3559,50,-0.013472
DynamicMonopoly,myopic_router,25,161.2086,1.0000,50.0000,134.6574,206.1274,100.0000,1.0000,55.4269,14,293.6641,50,-0.016121
DynamicMonopoly,random,25,196.0234,1.0000,50.0000,173.4911,187.0016,86.0000,1.0000,57.2653,10,531.7296,50,-0.019602
DynamicMonopoly,immediate,26,243.4712,1.0000,50.0000,227.5266,198.0422,90.0000,1.0000,54.7171,5,777.2171,50,-0.024347
DynamicMonopoly,twap,26,112.0988,0.9997,49.9852,97.3333,219.8620,100.0000,1.0000,53.7156,15,102.3895,50,-0.011210
DynamicMonopoly,myopic_router,26,154.4035,1.0000,50.0000,137.3518,210.7386,100.0000,1.0000,50.0718,9,322.0278,50,-0.015440
DynamicMonopoly,random,26,219.7214,1.0000,50.0000,202.3915,192.0297,94.0000,1.0000,53.6399,7,655.8612,50,-0.021972
DynamicMonopoly,immediate,27,242.3966,1.0000,50.0000,227.2280,197.5844,90.0000,1.0000,56.6864,9,770.0968,50,-0.024240
DynamicMonopoly,twap,27,115.1659,0.9997,49.9852,100.9584,226.0617,100.0000,1.0000,57.1661,14,194.8033,50,-0.011517
DynamicMonopoly,myopic_router,27,155.3848,1.0000,50.0000,137.3798,210.7996,100.0000,1.0000,57.0210,12,347.9995,50,-0.015538
DynamicMonopoly,random,27,216.7380,1.0000,50.0000,203.5322,192.1546,84.0000,1.0000,61.6329,10,698.8312,50,-0.021674
DynamicMonopoly,immediate,28,242.8927,1.0000,50.0000,225.9217,195.3045,90.0000,1.0000,71.3145,8,724.8958,50,-0.024289
DynamicMonopoly,twap,28,115.2057,0.9997,49.9852,103.3695,230.1681,100.0000,1.0000,75.0874,13,155.1436,50,-0.011521
DynamicMonopoly,myopic_router,28,154.1148,1.0000,50.0000,137.7351,211.3490,100.0000,1.0000,73.4248,10,279.1673,50,-0.015411
DynamicMonopoly,random,28,184.5404,1.0000,50.0000,168.8020,217.9069,88.0000,1.0000,80.7089,7,416.3575,50,-0.018454
DynamicMonopoly,immediate,29,243.0240,1.0000,50.0000,227.3192,197.7149,90.0000,1.0000,49.8014,6,814.2107,50,-0.024302
DynamicMonopoly,twap,29,112.6224,0.9997,49.9852,94.5937,215.2310,100.0000,1.0000,49.6846,13,120.7916,50,-0.011262
DynamicMonopoly,myopic_router,29,156.8305,1.0000,50.0000,137.9876,211.8121,100.0000,1.0000,51.4447,10,320.3672,50,-0.015683
DynamicMonopoly,random,29,215.9950,1.0000,50.0000,200.1969,185.3887,76.0000,1.0000,54.2172,9,696.3335,50,-0.021599
DynamicMonopoly,immediate,30,245.1450,1.0000,50.0000,224.4480,192.7344,90.0000,1.0000,53.6324,7,745.8262,50,-0.024515
DynamicMonopoly,twap,30,107.8708,0.9997,49.9852,99.3984,223.3076,100.0000,1.0000,52.5103,15,123.8267,50,-0.010787
DynamicMonopoly,myopic_router,30,155.1374,1.0000,50.0000,137.1570,210.3120,100.0000,1.0000,53.1539,11,296.4213,50,-0.015514
DynamicMonopoly,random,30,226.8281,1.0000,50.0000,211.9763,193.2231,88.0000,1.0000,55.4433,7,710.2999,50,-0.022683
DynamicMonopoly,immediate,31,241.9615,1.0000,50.0000,227.2969,197.6609,90.0000,1.0000,60.2441,7,712.9112,50,-0.024196
DynamicMonopoly,twap,31,105.0435,0.9997,49.9852,105.7129,234.0842,100.0000,1.0000,55.3289,11,151.9782,50,-0.010504
DynamicMonopoly,myopic_router,31,149.4997,1.0000,50.0000,138.7755,213.1073,100.0000,1.0000,57.7538,12,286.1003,50,-0.014950
DynamicMonopoly,random,31,195.2369,1.0000,50.0000,186.3418,212.1233,86.0000,1.0000,60.2354,9,577.3936,50,-0.019524
DynamicMonopoly,immediate,32,242.9828,1.0000,50.0000,228.2557,199.2913,90.0000,1.0000,64.2998,5,731.8408,50,-0.024298
DynamicMonopoly,twap,32,99.8661,0.9997,49.9852,100.8397,225.7044,100.0000,1.0000,59.6702,14,100.0414,50,-0.009987
DynamicMonopoly,myopic_router,32,150.6499,1.0000,50.0000,139.6361,214.5642,100.0000,1.0000,62.9517,11,281.2966,50,-0.015065
DynamicMonopoly,random,32,243.2934,1.0000,50.0000,228.2241,199.2438,92.0000,1.0000,63.8822,5,731.8408,50,-0.024329
DynamicMonopoly,immediate,33,242.8092,1.0000,50.0000,228.3363,199.4373,90.0000,1.0000,69.5495,6,859.3161,50,-0.024281
DynamicMonopoly,twap,33,103.6318,0.9997,49.9852,100.7294,225.5522,100.0000,1.0000,70.7861,14,141.5819,50,-0.010363
DynamicMonopoly,myopic_router,33,153.2212,1.0000,50.0000,139.4839,214.3525,100.0000,1.0000,73.8543,10,354.2037,50,-0.015322
DynamicMonopoly,random,33,231.2092,1.0000,50.0000,219.5558,210.1712,82.0000,1.0000,77.7634,8,781.0930,50,-0.023121
DynamicMonopoly,immediate,34,243.0365,1.0000,50.0000,226.6547,196.5693,90.0000,1.0000,79.0509,7,812.0271,50,-0.024304
DynamicMonopoly,twap,34,97.3631,0.9997,49.9852,101.2237,226.3259,100.0000,1.0000,76.4671,17,144.1404,50,-0.009736
DynamicMonopoly,myopic_router,34,152.7373,1.0000,50.0000,139.5674,214.4524,100.0000,1.0000,81.0130,12,339.7924,50,-0.015274
DynamicMonopoly,random,34,238.3566,1.0000,50.0000,224.0833,193.9235,84.0000,1.0000,84.5507,9,794.0455,50,-0.023836
DynamicMonopoly,immediate,35,246.4687,1.0000,50.0000,223.5188,191.2036,90.0000,1.0000,54.8001,8,849.2275,50,-0.024647
DynamicMonopoly,twap,35,138.0431,0.9997,49.9852,99.7945,224.1848,100.0000,1.0000,49.9276,15,125.2067,50,-0.013804
DynamicMonopoly,myopic_router,35,165.4186,1.0000,50.0000,134.5170,205.8976,100.0000,1.0000,53.8228,10,337.1278,50,-0.016542
DynamicMonopoly,random,35,205.7449,1.0000,50.0000,169.4387,214.1811,92.0000,1.0000,54.7828,9,424.6212,50,-0.020574
DynamicMonopoly,immediate,36,244.9991,1.0000,50.0000,223.2628,190.7844,90.0000,1.0000,50.9738,6,708.6210,50,-0.024500
DynamicMonopoly,twap,36,136.5649,0.9997,49.9852,98.3115,221.6939,100.0000,1.0000,46.5864,12,123.7825,50,-0.013656
DynamicMonopoly,myopic_router,36,165.0351,1.0000,50.0000,134.4006,205.7184,100.0000,1.0000,50.2038,10,272.1534,50,-0.016504
DynamicMonopoly,random,36,208.9773,1.0000,50.0000,185.4404,200.1264,86.0000,1.0000,51.1277,8,538.9038,50,-0.020898
DynamicMonopoly,immediate,37,244.3210,1.0000,50.0000,223.9593,191.9732,90.0000,1.0000,70.5299,9,746.4933,50,-0.024432
DynamicMonopoly,twap,37,128.6096,0.9997,49.9852,95.5745,217.0076,100.0000,1.0000,66.7214,12,157.2257,50,-0.012861
DynamicMonopoly,myopic_router,37,159.5432,1.0000,50.0000,134.6027,206.0537,100.0000,1.0000,66.6549,9,331.8010,50,-0.015954
DynamicMonopoly,random,37,230.8998,1.0000,50.0000,208.2474,184.1652,86.0000,1.0000,69.7002,7,693.8344,50,-0.023090
DynamicMonopoly,immediate,38,243.5685,1.0000,50.0000,226.1385,195.6965,90.0000,1.0000,51.5260,6,712.4433,50,-0.024357
DynamicMonopoly,twap,38,110.2413,0.9997,49.9852,95.9769,217.5113,100.0000,1.0000,47.8708,14,101.4331,50,-0.011024
DynamicMonopoly,myopic_router,38,157.8737,1.0000,50.0000,138.2601,212.2797,100.0000,1.0000,49.5545,10,295.8959,50,-0.015787
DynamicMonopoly,random,38,239.6119,1.0000,50.0000,223.6737,193.7864,84.0000,1.0000,58.0339,7,724.2033,50,-0.023961
DynamicMonopoly,immediate,39,245.9485,1.0000,50.0000,227.3047,197.6491,90.0000,1.0000,51.4602,6,787.1865,50,-0.024595
DynamicMonopoly,twap,39,114.1648,0.9997,49.9852,98.8853,222.4845,100.0000,1.0000,50.7810,15,143.0569,50,-0.011416
DynamicMonopoly,myopic_router,39,156.4224,1.0000,50.0000,138.1487,212.0229,100.0000,1.0000,49.2750,11,321.3240,50,-0.015642
DynamicMonopoly,random,39,229.9812,1.0000,50.0000,211.2960,226.7399,86.0000,1.0000,49.1793,8,748.5864,50,-0.022998
DynamicMonopoly,immediate,40,240.8042,1.0000,50.0000,229.8267,201.9709,90.0000,1.0000,51.3085,9,728.9502,50,-0.024080
DynamicMonopoly,twap,40,103.0880,0.9997,49.9852,100.9940,226.0900,100.0000,1.0000,47.1945,11,139.9328,50,-0.010309
DynamicMonopoly,myopic_router,40,145.9256,1.0000,50.0000,140.2873,215.7124,100.0000,1.0000,47.7807,9,328.1291,50,-0.014593
DynamicMonopoly,random,40,242.4225,1.0000,50.0000,231.3023,209.4117,94.0000,1.0000,47.9584,7,765.0156,50,-0.024242
DynamicMonopoly,immediate,41,244.9715,1.0000,50.0000,225.3657,194.3985,90.0000,1.0000,51.7172,10,774.1565,50,-0.024497
DynamicMonopoly,twap,41,135.9086,0.9997,49.9852,99.0349,222.9244,100.0000,1.0000,47.9006,16,183.9081,50,-0.013591
DynamicMonopoly,myopic_router,41,163.7506,1.0000,50.0000,135.4617,207.5784,100.0000,1.0000,47.8444,12,361.8543,50,-0.016375
DynamicMonopoly,random,41,197.7978,1.0000,50.0000,172.8961,212.9721,92.0000,1.0000,52.3115,11,548.7348,50,-0.019780
DynamicMonopoly,immediate,42,243.8450,1.0000,50.0000,225.3940,194.4054,90.0000,1.0000,52.9472,9,729.7559,50,-0.024385
DynamicMonopoly,twap,42,115.5645,0.9997,49.9852,102.1912,228.1443,100.0000,1.0000,52.4383,11,175.2095,50,-0.011556
DynamicMonopoly,myopic_router,42,155.3553,1.0000,50.0000,135.7008,207.8829,100.0000,1.0000,49.4711,10,304.8346,50,-0.015536
DynamicMonopoly,random,42,240.5998,1.0000,50.0000,222.1072,195.6142,92.0000,1.0000,56.1964,7,706.8541,50,-0.024060
DynamicMonopoly,immediate,43,243.7486,1.0000,50.0000,226.0167,195.4510,90.0000,1.0000,61.6626,9,805.6412,50,-0.024375
DynamicMonopoly,twap,43,103.4774,0.9997,49.9852,96.9020,219.0725,100.0000,1.0000,59.1609,18,149.7165,50,-0.010348
DynamicMonopoly,myopic_router,43,154.5272,1.0000,50.0000,138.7060,212.9899,100.0000,1.0000,61.4143,13,346.6020,50,-0.015453
DynamicMonopoly,random,43,213.6139,1.0000,50.0000,199.3855,225.0536,86.0000,1.0000,66.5165,10,651.8089,50,-0.021361
DynamicMonopoly,immediate,44,245.1858,1.0000,50.0000,224.3315,192.6177,90.0000,1.0000,53.9850,10,798.9884,50,-0.024519
DynamicMonopoly,twap,44,125.9781,0.9997,49.9852,96.3976,218.3523,100.0000,1.0000,51.0623,16,129.3679,50,-0.012598
DynamicMonopoly,myopic_router,44,162.4319,1.0000,50.0000,134.1191,205.2292,100.0000,1.0000,48.6134,14,328.7188,50,-0.016243
DynamicMonopoly,random,44,182.5613,1.0000,50.0000,155.0193,224.4819,86.0000,1.0000,53.9652,13,438.0298,50,-0.018256
DynamicMonopoly,immediate,45,240.9307,1.0000,50.0000,230.2692,202.7168,90.0000,1.0000,70.1743,10,837.0398,50,-0.024093
DynamicMonopoly,twap,45,96.1822,0.9997,49.9852,102.2653,228.1434,100.0000,1.0000,67.2816,13,159.1525,50,-0.009618
DynamicMonopoly,myopic_router,45,144.8396,1.0000,50.0000,140.5450,216.1397,100.0000,1.0000,67.3421,9,363.1288,50,-0.014484
DynamicMonopoly,random,45,185.4909,1.0000,50.0000,189.7884,233.1805,88.0000,1.0000,70.2961,8,540.5112,50,-0.018549
DynamicMonopoly,immediate,46,243.2189,1.0000,50.0000,225.4625,194.5053,90.0000,1.0000,51.9566,7,729.9291,50,-0.024322
DynamicMonopoly,twap,46,107.2532,0.9997,49.9852,102.3231,228.3284,100.0000,1.0000,48.2142,13,148.5991,50,-0.010725
DynamicMonopoly,myopic_router,46,153.7267,1.0000,50.0000,140.5359,216.0879,100.0000,1.0000,50.7624,11,309.2907,50,-0.015373
DynamicMonopoly,random,46,215.4641,1.0000,50.0000,206.4152,219.1601,88.0000,1.0000,49.5555,9,708.0486,50,-0.021546
DynamicMonopoly,immediate,47,242.1471,1.0000,50.0000,228.0584,198.9443,90.0000,1.0000,57.1119,8,776.9614,50,-0.024215
DynamicMonopoly,twap,47,112.2775,0.9997,49.9852,96.5913,218.6800,100.0000,1.0000,54.4279,13,107.5959,50,-0.011228
DynamicMonopoly,myopic_router,47,150.1080,1.0000,50.0000,138.6133,212.8539,100.0000,1.0000,54.8648,11,318.9462,50,-0.015011
DynamicMonopoly,random,47,240.8361,1.0000,50.0000,229.0636,202.0698,80.0000,1.0000,61.9172,8,780.5892,50,-0.024084
DynamicMonopoly,immediate,48,243.4416,1.0000,50.0000,226.7106,196.6738,90.0000,1.0000,47.4270,8,777.8051,50,-0.024344
DynamicMonopoly,twap,48,109.2561,0.9997,49.9852,93.5607,213.4617,100.0000,1.0000,47.3432,16,109.0281,50,-0.010926
DynamicMonopoly,myopic_router,48,156.8492,1.0000,50.0000,137.8421,211.5633,100.0000,1.0000,47.1809,10,323.3817,50,-0.015685
DynamicMonopoly,random,48,242.3273,1.0000,50.0000,226.2080,203.3277,84.0000,1.0000,54.2544,9,795.0997,50,-0.024233
DynamicMonopoly,immediate,49,245.8633,1.0000,50.0000,223.2146,190.6458,90.0000,1.0000,76.0636,9,797.5979,50,-0.024586
DynamicMonopoly,twap,49,129.7079,0.9997,49.9852,90.6802,208.7045,100.0000,1.0000,72.8426,13,99.1478,50,-0.012971
DynamicMonopoly,myopic_router,49,159.4009,1.0000,50.0000,132.1442,201.8368,100.0000,1.0000,75.6914,9,326.0512,50,-0.015940
DynamicMonopoly,random,49,243.4615,1.0000,50.0000,221.9728,188.7246,84.0000,1.0000,78.6747,9,799.2392,50,-0.024346
DynamicDuopoly,immediate,0,243.1223,1.0000,50.0000,223.3942,190.8108,90.0000,0.7659,59.3014,11,619.6347,50,-0.024312
DynamicDuopoly,twap,0,102.9159,0.9997,49.9852,81.5779,193.0604,100.0000,0.5118,43.7280,14,110.2613,50,-0.010292
DynamicDuopoly,myopic_router,0,154.4756,1.0000,50.0000,134.7498,206.0445,100.0000,0.5504,57.5657,15,225.7208,50,-0.015448
DynamicDuopoly,random,0,225.2000,1.0000,50.0000,202.9160,248.4203,106.0000,0.6633,59.6842,11,469.2829,50,-0.022520
DynamicDuopoly,immediate,1,244.5207,1.0000,50.0000,219.8683,184.8370,90.0000,0.5804,46.6785,8,552.4053,50,-0.024452
DynamicDuopoly,twap,1,123.5265,0.9997,49.9852,93.7867,213.6016,100.0000,0.5677,55.9427,15,89.4045,50,-0.012353
DynamicDuopoly,myopic_router,1,159.9277,1.0000,50.0000,129.6382,197.3315,100.0000,0.5173,52.0434,11,178.0110,50,-0.015993
DynamicDuopoly,random,1,164.9430,1.0000,50.0000,137.3922,191.9076,106.0000,0.5008,51.7287,9,277.1540,50,-0.016494
DynamicDuopoly,immediate,2,239.6214,1.0000,50.0000,228.6655,199.8080,90.0000,0.6873,48.2893,9,618.5777,50,-0.023962
DynamicDuopoly,twap,2,94.4066,0.9997,49.9852,95.3426,216.0245,100.0000,0.5114,59.0002,14,84.9881,50,-0.009441
DynamicDuopoly,myopic_router,2,144.6978,1.0000,50.0000,139.2021,213.5727,100.0000,0.5366,50.5284,13,224.1203,50,-0.014470
DynamicDuopoly,random,2,230.4715,1.0000,50.0000,222.7045,265.9388,106.0000,0.7224,51.0655,9,607.6677,50,-0.023047
DynamicDuopoly,immediate,3,240.3565,1.0000,50.0000,226.1474,195.4958,90.0000,0.6641,63.1204,11,611.4576,50,-0.024036
DynamicDuopoly,twap,3,106.0541,0.9997,49.9852,89.7163,206.6759,100.0000,0.5634,43.6172,10,75.7601,50,-0.010605
DynamicDuopoly,myopic_router,3,145.1456,1.0000,50.0000,133.2125,203.4546,100.0000,0.5378,52.3165,13,206.9456,50,-0.014515
DynamicDuopoly,random,3,253.7027,1.0000,50.0000,243.8892,228.4058,88.0000,0.5690,68.0033,12,652.3580,50,-0.025370
DynamicDuopoly,immediate,4,241.8489,1.0000,50.0000,222.7425,189.7504,90.0000,0.5743,53.0395,8,558.7343,50,-0.024185
DynamicDuopoly,twap,4,125.3349,0.9997,49.9852,92.0235,210.6925,100.0000,0.5463,50.1927,15,85.0278,50,-0.012533
DynamicDuopoly,myopic_router,4,153.7735,1.0000,50.0000,128.5411,195.5124,100.0000,0.5309,53.5830,13,174.6119,50,-0.015377
DynamicDuopoly,random,4,184.5150,1.0000,50.0000,160.8482,201.3091,108.0000,0.5427,56.5875,8,357.5690,50,-0.018451
DynamicDuopoly,immediate,5,241.7142,1.0000,50.0000,224.2044,192.2246,90.0000,0.6709,55.2475,9,623.0858,50,-0.024171
DynamicDuopoly,twap,5,123.6735,0.9997,49.9852,94.4331,214.8392,100.0000,0.5104,55.9710,15,100.2528,50,-0.012367
DynamicDuopoly,myopic_router,5,155.3312,1.0000,50.0000,133.9141,204.6711,100.0000,0.5827,53.4815,10,232.1696,50,-0.015533
DynamicDuopoly,random,5,182.7957,1.0000,50.0000,161.8400,203.9135,108.0000,0.5079,49.9333,11,413.5239,50,-0.018280
DynamicDuopoly,immediate,6,242.5437,1.0000,50.0000,223.9636,191.8437,90.0000,0.6841,49.2691,12,579.9629,50,-0.024254
DynamicDuopoly,twap,6,125.2098,0.9997,49.9852,85.4525,199.6988,100.0000,0.5080,44.4635,13,86.0787,50,-0.012521
DynamicDuopoly,myopic_router,6,157.2193,1.0000,50.0000,130.4547,198.8025,100.0000,0.5359,55.9214,13,178.9934,50,-0.015722
DynamicDuopoly,random,6,242.0843,1.0000,50.0000,218.8386,244.4807,96.0000,0.5594,54.0570,11,581.1053,50,-0.024208
DynamicDuopoly,immediate,7,235.8755,1.0000,50.0000,223.1303,190.4266,90.0000,0.5788,56.1779,8,584.0637,50,-0.023588
DynamicDuopoly,twap,7,94.3801,0.9997,49.9852,94.8115,215.1652,100.0000,0.5065,52.8557,13,85.5275,50,-0.009438
DynamicDuopoly,myopic_router,7,142.4384,1.0000,50.0000,133.6899,204.2354,100.0000,0.5245,50.1821,10,197.5121,50,-0.014244
DynamicDuopoly,random,7,210.3394,1.0000,50.0000,200.4453,200.5025,98.0000,0.5318,50.4726,10,514.6360,50,-0.021034
DynamicDuopoly,immediate,8,240.4118,1.0000,50.0000,221.9102,188.3590,90.0000,0.5636,67.1053,12,567.5398,50,-0.024041
DynamicDuopoly,twap,8,98.7101,0.9997,49.9852,89.5792,206.3304,100.0000,0.5113,37.4735,18,77.9737,50,-0.009871
DynamicDuopoly,myopic_router,8,155.3457,1.0000,50.0000,135.4259,207.2162,100.0000,0.5123,58.2850,14,183.8216,50,-0.015535
DynamicDuopoly,random,8,199.4998,1.0000,50.0000,180.8480,212.3582,96.0000,0.5094,66.5386,12,438.1626,50,-0.019950
DynamicDuopoly,immediate,9,242.4781,1.0000,50.0000,223.4612,190.9301,90.0000,0.6710,54.8981,7,577.7008,50,-0.024248
DynamicDuopoly,twap,9,130.4817,0.9997,49.9852,92.5772,211.6296,100.0000,0.5098,52.8529,14,70.7498,50,-0.013048
DynamicDuopoly,myopic_router,9,156.7927,1.0000,50.0000,132.0808,201.5142,100.0000,0.5237,44.4453,11,192.5844,50,-0.015679
DynamicDuopoly,random,9,217.2711,1.0000,50.0000,196.3952,219.7173,92.0000,0.6474,55.8296,7,441.7264,50,-0.021727
DynamicDuopoly,immediate,10,238.8944,1.0000,50.0000,225.5605,194.5279,90.0000,0.5901,53.1638,9,547.1767,50,-0.023889
DynamicDuopoly,twap,10,89.9633,0.9997,49.9852,91.0639,208.8836,100.0000,0.5147,50.2184,15,66.0090,50,-0.008996
DynamicDuopoly,myopic_router,10,142.2072,1.0000,50.0000,134.3552,205.3308,100.0000,0.5316,49.9488,14,165.7106,50,-0.014221
DynamicDuopoly,random,10,152.7332,1.0000,50.0000,147.4465,236.7971,90.0000,0.5499,62.4142,9,239.9735,50,-0.015273
DynamicDuopoly,immediate,11,244.5144,1.0000,50.0000,226.3807,195.9488,90.0000,0.7735,59.4899,9,616.2183,50,-0.024451
DynamicDuopoly,twap,11,138.1867,0.9997,49.9852,91.0477,209.1337,100.0000,0.5042,45.3389,12,105.2772,50,-0.013819
DynamicDuopoly,myopic_router,11,158.0018,1.0000,50.0000,132.0970,201.6059,100.0000,0.5298,46.0440,10,220.3342,50,-0.015800
DynamicDuopoly,random,11,182.4519,1.0000,50.0000,157.1868,220.0759,100.0000,0.6112,57.5050,9,299.6044,50,-0.018245
DynamicDuopoly,immediate,12,242.5797,1.0000,50.0000,221.7053,188.0035,90.0000,0.6794,51.1236,5,584.0416,50,-0.024258
DynamicDuopoly,twap,12,124.3492,0.9997,49.9852,92.6872,211.7734,100.0000,0.5004,46.2984,13,67.9568,50,-0.012435
DynamicDuopoly,myopic_router,12,159.2826,1.0000,50.0000,129.7708,197.6402,100.0000,0.5557,49.0586,9,186.6742,50,-0.015928
DynamicDuopoly,random,12,194.2193,1.0000,50.0000,166.1035,212.1682,106.0000,0.5051,54.0116,6,345.3407,50,-0.019422
DynamicDuopoly,immediate,13,243.8293,1.0000,50.0000,225.7912,194.9190,90.0000,0.6467,62.5141,12,631.6915,50,-0.024383
DynamicDuopoly,twap,13,111.2889,0.9997,49.9852,91.3643,209.4172,100.0000,0.5100,52.8807,20,93.4842,50,-0.011129
DynamicDuopoly,myopic_router,13,157.2499,1.0000,50.0000,136.0430,208.2453,100.0000,0.5333,54.5660,17,219.9531,50,-0.015725
DynamicDuopoly,random,13,187.6654,1.0000,50.0000,168.8282,224.5977,82.0000,0.5981,63.2563,13,374.8865,50,-0.018767
DynamicDuopoly,immediate,14,241.0905,1.0000,50.0000,220.9026,186.6436,90.0000,0.5456,51.5567,8,529.3087,50,-0.024109
DynamicDuopoly,twap,14,118.2057,0.9997,49.9852,90.0941,207.3528,100.0000,0.5017,45.1083,15,79.1275,50,-0.011821
DynamicDuopoly,myopic_router,14,150.5251,1.0000,50.0000,127.3471,193.5163,100.0000,0.5063,49.4529,12,157.8892,50,-0.015053
DynamicDuopoly,random,14,224.8731,1.0000,50.0000,201.3301,173.1804,98.0000,0.9164,55.5875,8,469.0675,50,-0.022487
DynamicDuopoly,immediate,15,241.3146,1.0000,50.0000,223.2380,190.5577,90.0000,0.6641,56.7768,10,604.7144,50,-0.024131
DynamicDuopoly,twap,15,126.1567,0.9997,49.9852,94.4791,214.8431,100.0000,0.5014,54.7121,17,128.2315,50,-0.012616
DynamicDuopoly,myopic_router,15,153.3727,1.0000,50.0000,131.8823,201.1690,100.0000,0.5379,59.0884,14,212.7353,50,-0.015337
DynamicDuopoly,random,15,155.7985,1.0000,50.0000,133.9853,190.3626,102.0000,0.5110,47.0877,13,289.7811,50,-0.015580
DynamicDuopoly,immediate,16,243.2442,1.0000,50.0000,223.5800,191.0661,90.0000,0.8217,61.0931,12,629.9195,50,-0.024324
DynamicDuopoly,twap,16,106.6951,0.9997,49.9852,97.3544,219.5054,100.0000,0.5002,61.2883,21,91.2301,50,-0.010670
DynamicDuopoly,myopic_router,16,152.8807,1.0000,50.0000,135.4979,207.2189,100.0000,0.6208,55.6952,17,209.1683,50,-0.015288
DynamicDuopoly,random,16,190.8885,1.0000,50.0000,169.5202,237.8303,96.0000,0.5033,59.3046,14,423.0913,50,-0.019089
DynamicDuopoly,immediate,17,241.9061,1.0000,50.0000,220.9108,186.6200,90.0000,0.5846,56.5957,9,613.9188,50,-0.024191
DynamicDuopoly,twap,17,116.9198,0.9997,49.9852,92.7654,211.8624,100.0000,0.5008,55.2133,13,119.5340,50,-0.011692
DynamicDuopoly,myopic_router,17,157.5071,1.0000,50.0000,132.3478,201.9390,100.0000,0.5367,60.4339,11,212.4960,50,-0.015751
DynamicDuopoly,random,17,178.8023,1.0000,50.0000,154.8197,209.3093,88.0000,0.6754,57.4154,11,281.2441,50,-0.017880
DynamicDuopoly,immediate,18,239.6038,1.0000,50.0000,217.4827,180.8138,90.0000,0.5662,63.6699,12,580.2864,50,-0.023960
DynamicDuopoly,twap,18,114.0552,0.9997,49.9852,91.0136,208.8065,100.0000,0.5283,51.5322,19,85.1124,50,-0.011406
DynamicDuopoly,myopic_router,18,153.4522,1.0000,50.0000,128.8601,196.0160,100.0000,0.5096,60.9321,16,175.2148,50,-0.015345
DynamicDuopoly,random,18,232.7240,1.0000,50.0000,209.7114,197.7084,96.0000,0.6397,62.5064,11,572.2681,50,-0.023272
DynamicDuopoly,immediate,19,240.5635,1.0000,50.0000,226.2784,195.6967,90.0000,0.6611,61.0212,10,576.4476,50,-0.024056
DynamicDuopoly,twap,19,112.6838,0.9997,49.9852,93.6669,213.3670,100.0000,0.5136,47.8974,13,83.4556,50,-0.011268
DynamicDuopoly,myopic_router,19,146.1882,1.0000,50.0000,132.3113,201.8579,100.0000,0.5256,56.2496,13,186.4080,50,-0.014619
DynamicDuopoly,random,19,161.5757,1.0000,50.0000,142.0217,196.1383,116.0000,0.5005,49.1704,11,342.4575,50,-0.016158
DynamicDuopoly,immediate,20,242.7267,1.0000,50.0000,225.7883,194.8887,90.0000,0.6896,55.8423,7,581.3542,50,-0.024273
DynamicDuopoly,twap,20,106.5202,0.9997,49.9852,92.2120,210.7873,100.0000,0.5031,51.3517,16,56.7552,50,-0.010652
DynamicDuopoly,myopic_router,20,152.8028,1.0000,50.0000,134.2086,205.0890,100.0000,0.5434,54.1424,10,205.7587,50,-0.015280
DynamicDuopoly,random,20,159.5627,1.0000,50.0000,144.5788,226.0775,92.0000,0.5810,50.8898,9,253.2154,50,-0.015956
DynamicDuopoly,immediate,21,235.1459,1.0000,50.0000,221.9812,188.5009,90.0000,0.5367,67.0695,13,639.6570,50,-0.023515
DynamicDuopoly,twap,21,102.2956,0.9997,49.9852,80.6535,191.2764,100.0000,0.5003,49.9833,13,55.4171,50,-0.010230
DynamicDuopoly,myopic_router,21,145.9321,1.0000,50.0000,130.1099,198.2218,100.0000,0.5042,54.3702,14,191.5785,50,-0.014593
DynamicDuopoly,random,21,222.0031,1.0000,50.0000,202.5691,193.0302,112.0000,0.6523,60.6415,13,557.1967,50,-0.022200
DynamicDuopoly,immediate,22,240.5899,1.0000,50.0000,225.6862,194.7362,90.0000,0.7329,59.7895,10,598.7107,50,-0.024059
DynamicDuopoly,twap,22,103.3151,0.9997,49.9852,93.8738,213.6707,100.0000,0.5034,50.5074,17,112.2481,50,-0.010332
DynamicDuopoly,myopic_router,22,149.3136,1.0000,50.0000,136.6044,209.2026,100.0000,0.5438,44.2537,15,202.9494,50,-0.014931
DynamicDuopoly,random,22,176.4609,1.0000,50.0000,162.0299,202.3831,104.0000,0.5087,59.1294,12,305.9459,50,-0.017646
DynamicDuopoly,immediate,23,236.1276,1.0000,50.0000,219.6038,184.4524,90.0000,0.5743,62.0867,8,541.6457,50,-0.023613
DynamicDuopoly,twap,23,92.7746,0.9997,49.9852,88.7215,204.8038,100.0000,0.5052,47.7784,15,67.3538,50,-0.009277
DynamicDuopoly,myopic_router,23,146.8127,1.0000,50.0000,130.4909,198.7957,100.0000,0.5280,53.9595,12,169.9267,50,-0.014681
DynamicDuopoly,random,23,171.1844,1.0000,50.0000,155.3932,237.5060,94.0000,0.5029,51.3182,9,324.8427,50,-0.017118
DynamicDuopoly,immediate,24,237.8248,1.0000,50.0000,223.0389,190.2429,90.0000,0.5868,64.5293,9,580.0933,50,-0.023782
DynamicDuopoly,twap,24,97.6521,0.9997,49.9852,91.1449,209.0191,100.0000,0.5078,46.5243,15,77.8612,50,-0.009765
DynamicDuopoly,myopic_router,24,146.5381,1.0000,50.0000,135.1261,206.6414,100.0000,0.5154,62.9923,11,200.4912,50,-0.014654
DynamicDuopoly,random,24,166.7396,1.0000,50.0000,158.4212,240.4347,104.0000,0.5105,64.5309,10,268.6553,50,-0.016674
DynamicDuopoly,immediate,25,241.2233,1.0000,50.0000,220.2720,185.5180,90.0000,0.5228,59.1695,10,554.6862,50,-0.024122
DynamicDuopoly,twap,25,125.5288,0.9997,49.9852,90.3433,207.8143,100.0000,0.5029,54.9082,16,90.9546,50,-0.012553
DynamicDuopoly,myopic_router,25,158.0576,1.0000,50.0000,131.5063,200.5513,100.0000,0.5005,55.5853,15,179.3658,50,-0.015806
DynamicDuopoly,random,25,215.7179,1.0000,50.0000,190.7856,216.2139,98.0000,0.5105,63.8375,12,413.8124,50,-0.021572
DynamicDuopoly,immediate,26,241.4911,1.0000,50.0000,225.5465,194.5175,90.0000,0.5783,56.9491,7,610.2532,50,-0.024149
DynamicDuopoly,twap,26,107.7385,0.9997,49.9852,92.9717,212.0486,100.0000,0.5010,55.5624,16,79.7047,50,-0.010774
DynamicDuopoly,myopic_router,26,151.9852,1.0000,50.0000,134.9335,206.3611,100.0000,0.5606,57.7552,12,195.7138,50,-0.015199
DynamicDuopoly,random,26,220.4961,1.0000,50.0000,200.7662,189.3153,106.0000,0.5069,60.1532,9,510.2354,50,-0.022050
DynamicDuopoly,immediate,27,241.9864,1.0000,50.0000,226.8177,196.7255,90.0000,0.5655,60.0556,9,638.8361,50,-0.024199
DynamicDuopoly,twap,27,106.5143,0.9997,49.9852,92.3042,210.9505,100.0000,0.5327,53.6038,17,104.4747,50,-0.010651
DynamicDuopoly,myopic_router,27,150.7795,1.0000,50.0000,132.7746,202.7301,100.0000,0.5172,53.3427,15,212.4764,50,-0.015078
DynamicDuopoly,random,27,224.7758,1.0000,50.0000,209.5700,212.1747,94.0000,0.5366,59.2467,12,566.2885,50,-0.022478
DynamicDuopoly,immediate,28,243.0038,1.0000,50.0000,226.0328,195.3198,90.0000,0.7086,62.6732,8,596.0163,50,-0.024300
DynamicDuopoly,twap,28,103.5417,0.9997,49.9852,91.7021,209.9045,100.0000,0.5014,49.6732,18,68.4675,50,-0.010354
DynamicDuopoly,myopic_router,28,150.2981,1.0000,50.0000,133.9185,204.6407,100.0000,0.5435,57.8913,13,200.4563,50,-0.015030
DynamicDuopoly,random,28,184.0687,1.0000,50.0000,166.7304,214.2041,96.0000,0.5045,63.1632,12,272.9615,50,-0.018407
DynamicDuopoly,immediate,29,240.9814,1.0000,50.0000,225.2766,194.0304,90.0000,0.6732,56.6149,7,628.1291,50,-0.024098
DynamicDuopoly,twap,29,111.1616,0.9997,49.9852,93.1325,212.4136,100.0000,0.5087,53.1963,16,76.5101,50,-0.011116
DynamicDuopoly,myopic_router,29,152.3222,1.0000,50.0000,133.4793,203.9074,100.0000,0.5301,43.9989,13,201.9437,50,-0.015232
DynamicDuopoly,random,29,220.1739,1.0000,50.0000,201.1758,192.8602,92.0000,0.6003,56.2143,8,548.5963,50,-0.022017
DynamicDuopoly,immediate,30,243.8016,1.0000,50.0000,223.1046,190.2829,90.0000,0.5217,64.0395,8,606.1203,50,-0.024380
DynamicDuopoly,twap,30,99.2249,0.9997,49.9852,90.7500,208.2414,100.0000,0.5091,52.9460,18,74.5237,50,-0.009922
DynamicDuopoly,myopic_router,30,150.7165,1.0000,50.0000,132.7361,202.5116,100.0000,0.5002,50.8620,13,205.3633,50,-0.015072
DynamicDuopoly,random,30,232.1035,1.0000,50.0000,215.2517,200.3698,98.0000,0.6644,57.6316,10,554.4224,50,-0.023210
DynamicDuopoly,immediate,31,236.0939,1.0000,50.0000,221.4292,187.5390,90.0000,0.5555,60.9068,10,567.1018,50,-0.023609
DynamicDuopoly,twap,31,88.1588,0.9997,49.9852,88.8232,204.9417,100.0000,0.5022,50.1839,15,76.5695,50,-0.008816
DynamicDuopoly,myopic_router,31,144.3048,1.0000,50.0000,133.5805,204.0199,100.0000,0.5022,58.2247,13,178.0629,50,-0.014430
DynamicDuopoly,random,31,210.8972,1.0000,50.0000,200.4021,235.8417,94.0000,0.5064,61.1334,10,477.9316,50,-0.021090
DynamicDuopoly,immediate,32,239.1315,1.0000,50.0000,224.4044,192.5703,90.0000,0.5863,57.9862,8,571.6389,50,-0.023913
DynamicDuopoly,twap,32,95.5100,0.9997,49.9852,96.4823,217.9823,100.0000,0.5018,53.9077,16,81.5102,50,-0.009551
DynamicDuopoly,myopic_router,32,147.3721,1.0000,50.0000,136.3584,208.7534,100.0000,0.5312,48.4955,11,207.7302,50,-0.014737
DynamicDuopoly,random,32,244.6810,1.0000,50.0000,228.4117,199.4230,98.0000,0.5250,56.6116,8,574.3996,50,-0.024468
DynamicDuopoly,immediate,33,241.7693,1.0000,50.0000,227.2964,197.4468,90.0000,0.6470,60.9694,9,646.3727,50,-0.024177
DynamicDuopoly,twap,33,101.3011,0.9997,49.9852,98.3980,221.2364,100.0000,0.5092,57.6303,17,100.1878,50,-0.010130
DynamicDuopoly,myopic_router,33,150.0956,1.0000,50.0000,136.3584,208.7634,100.0000,0.5386,53.1063,13,226.1972,50,-0.015010
DynamicDuopoly,random,33,162.7697,1.0000,50.0000,147.9162,197.9197,98.0000,0.5735,63.5913,11,346.7429,50,-0.016277
DynamicDuopoly,immediate,34,241.4606,1.0000,50.0000,225.0789,193.6907,90.0000,0.6686,60.1864,12,617.1280,50,-0.024146
DynamicDuopoly,twap,34,94.0373,0.9997,49.9852,97.8970,220.3638,100.0000,0.5068,55.7984,19,119.4162,50,-0.009404
DynamicDuopoly,myopic_router,34,152.4577,1.0000,50.0000,139.2877,213.7412,100.0000,0.5068,61.2601,15,237.3217,50,-0.015246
DynamicDuopoly,random,34,242.8966,1.0000,50.0000,224.6232,195.3537,104.0000,0.7020,63.8573,12,596.2715,50,-0.024290
DynamicDuopoly,immediate,35,242.9387,1.0000,50.0000,219.9888,185.0233,90.0000,0.6701,57.7787,7,629.6848,50,-0.024294
DynamicDuopoly,twap,35,133.1898,0.9997,49.9852,94.9398,215.5502,100.0000,0.5040,55.3742,15,98.8394,50,-0.013319
DynamicDuopoly,myopic_router,35,159.9600,1.0000,50.0000,129.0584,196.3595,100.0000,0.5369,54.7697,12,194.7975,50,-0.015996
DynamicDuopoly,random,35,191.7197,1.0000,50.0000,153.0135,237.6303,104.0000,0.5096,50.6928,10,269.2733,50,-0.019172
DynamicDuopoly,immediate,36,239.9541,1.0000,50.0000,218.2178,182.0576,90.0000,0.5217,58.4046,5,581.2334,50,-0.023995
DynamicDuopoly,twap,36,126.5818,0.9997,49.9852,88.3255,204.3557,100.0000,0.5043,56.6145,14,51.9387,50,-0.012658
DynamicDuopoly,myopic_router,36,157.6831,1.0000,50.0000,127.0486,192.9542,100.0000,0.5001,55.8144,11,155.6656,50,-0.015768
DynamicDuopoly,random,36,201.7642,1.0000,50.0000,176.2273,188.0033,96.0000,0.5002,52.0772,7,400.7319,50,-0.020176
DynamicDuopoly,immediate,37,238.6721,1.0000,50.0000,218.3104,182.2376,90.0000,0.5789,61.5040,8,600.4056,50,-0.023867
DynamicDuopoly,twap,37,125.5490,0.9997,49.9852,92.5131,211.4323,100.0000,0.5013,53.3850,14,74.6870,50,-0.012555
DynamicDuopoly,myopic_router,37,154.7984,1.0000,50.0000,129.8580,197.7456,100.0000,0.5491,50.5514,10,194.6355,50,-0.015480
DynamicDuopoly,random,37,229.5993,1.0000,50.0000,205.3468,194.2139,94.0000,0.7777,55.0317,7,540.0219,50,-0.022960
DynamicDuopoly,immediate,38,241.9885,1.0000,50.0000,224.5585,192.8569,90.0000,0.5745,53.9314,9,573.1494,50,-0.024199
DynamicDuopoly,twap,38,106.1588,0.9997,49.9852,91.8931,210.2580,100.0000,0.5145,52.5325,15,74.3134,50,-0.010616
DynamicDuopoly,myopic_router,38,152.0756,1.0000,50.0000,132.4620,202.1663,100.0000,0.5298,48.0883,13,179.3152,50,-0.015208
DynamicDuopoly,random,38,177.8358,1.0000,50.0000,159.8976,195.2736,94.0000,0.5984,45.7315,9,354.9054,50,-0.017784
DynamicDuopoly,immediate,39,239.4893,1.0000,50.0000,220.8455,186.5027,90.0000,0.5846,63.8872,9,613.0772,50,-0.023949
DynamicDuopoly,twap,39,106.2818,0.9997,49.9852,91.0001,208.7628,100.0000,0.5128,53.5359,18,89.4871,50,-0.010628
DynamicDuopoly,myopic_router,39,154.4830,1.0000,50.0000,136.2093,208.5016,100.0000,0.5748,63.9060,13,225.3534,50,-0.015448
DynamicDuopoly,random,39,176.3308,1.0000,50.0000,155.2456,237.5806,98.0000,0.5037,57.0224,10,406.6525,50,-0.017633
DynamicDuopoly,immediate,40,234.4028,1.0000,50.0000,223.4253,190.9151,90.0000,0.5783,58.6332,11,569.8344,50,-0.023440
DynamicDuopoly,twap,40,85.2879,0.9997,49.9852,83.1887,195.4447,100.0000,0.5049,44.6459,12,82.4147,50,-0.008529
DynamicDuopoly,myopic_router,40,138.1573,1.0000,50.0000,132.5191,202.2200,100.0000,0.5175,50.1336,11,199.5450,50,-0.013816
DynamicDuopoly,random,40,174.9001,1.0000,50.0000,161.7799,206.0964,104.0000,0.5512,51.8362,9,361.8457,50,-0.017490
DynamicDuopoly,immediate,41,243.5963,1.0000,50.0000,223.9905,191.9200,90.0000,0.6830,61.1272,10,593.3708,50,-0.024360
DynamicDuopoly,twap,41,129.7548,0.9997,49.9852,92.8793,212.0883,100.0000,0.5144,54.6272,17,102.8987,50,-0.012975
DynamicDuopoly,myopic_router,41,163.1243,1.0000,50.0000,134.8354,206.2723,100.0000,0.5312,54.0343,14,209.3937,50,-0.016312
DynamicDuopoly,random,41,165.5299,1.0000,50.0000,137.0282,213.5728,110.0000,0.5792,58.4738,12,280.1741,50,-0.016553
DynamicDuopoly,immediate,42,237.8074,1.0000,50.0000,219.3564,183.9931,90.0000,0.5743,56.5954,7,542.2174,50,-0.023781
DynamicDuopoly,twap,42,106.9879,0.9997,49.9852,93.6121,213.1676,100.0000,0.5005,56.7580,15,89.9402,50,-0.010699
DynamicDuopoly,myopic_router,42,147.7342,1.0000,50.0000,128.0797,194.6932,100.0000,0.5282,54.5800,11,169.3453,50,-0.014773
DynamicDuopoly,random,42,238.7578,1.0000,50.0000,217.4652,190.9912,106.0000,0.5185,59.2526,8,536.2623,50,-0.023876
DynamicDuopoly,immediate,43,242.0527,1.0000,50.0000,224.3208,192.3936,90.0000,0.6888,66.1640,13,623.3286,50,-0.024205
DynamicDuopoly,twap,43,102.8560,0.9997,49.9852,96.2804,217.6546,100.0000,0.5001,53.2377,19,133.5696,50,-0.010286
DynamicDuopoly,myopic_router,43,149.8494,1.0000,50.0000,134.0283,204.7681,100.0000,0.5304,59.5142,17,218.7178,50,-0.014985
DynamicDuopoly,random,43,208.4234,1.0000,50.0000,192.1950,227.7664,96.0000,0.5108,66.0812,14,462.0939,50,-0.020842
DynamicDuopoly,immediate,44,243.4533,1.0000,50.0000,222.5989,189.5095,90.0000,0.6686,61.6263,9,634.9359,50,-0.024345
DynamicDuopoly,twap,44,119.3035,0.9997,49.9852,89.7211,206.7709,100.0000,0.5382,55.3183,17,85.0353,50,-0.011930
DynamicDuopoly,myopic_router,44,159.4395,1.0000,50.0000,131.1267,199.9277,100.0000,0.5172,52.7148,16,204.1062,50,-0.015944
DynamicDuopoly,random,44,186.6431,1.0000,50.0000,158.3011,232.4914,90.0000,0.5967,65.2532,15,280.3060,50,-0.018664
DynamicDuopoly,immediate,45,240.4045,1.0000,50.0000,229.7430,201.6526,90.0000,0.5434,56.8456,8,648.1267,50,-0.024040
DynamicDuopoly,twap,45,87.3012,0.9997,49.9852,93.3817,212.6316,100.0000,0.5004,59.9278,17,84.7789,50,-0.008730
DynamicDuopoly,myopic_router,45,141.1403,1.0000,50.0000,136.8456,209.6160,100.0000,0.5003,49.2496,13,222.6781,50,-0.014114
DynamicDuopoly,random,45,186.6894,1.0000,50.0000,189.3869,232.2894,96.0000,0.5948,53.1936,10,418.2945,50,-0.018669
DynamicDuopoly,immediate,46,243.1872,1.0000,50.0000,225.4307,194.2771,90.0000,0.7035,62.2582,8,571.3654,50,-0.024319
DynamicDuopoly,twap,46,97.1601,0.9997,49.9852,92.2271,210.7734,100.0000,0.5120,55.6542,16,86.2227,50,-0.009716
DynamicDuopoly,myopic_router,46,149.7356,1.0000,50.0000,136.5448,209.0482,100.0000,0.5195,59.7042,14,169.4677,50,-0.014974
DynamicDuopoly,random,46,168.7663,1.0000,50.0000,156.1174,226.4485,106.0000,0.5632,53.1688,9,405.6989,50,-0.016877
DynamicDuopoly,immediate,47,240.8361,1.0000,50.0000,226.7474,196.5239,90.0000,0.6889,64.8853,11,605.0590,50,-0.024084
DynamicDuopoly,twap,47,110.3478,0.9997,49.9852,94.6609,215.1157,100.0000,0.5029,44.9967,13,90.8134,50,-0.011035
DynamicDuopoly,myopic_router,47,147.4701,1.0000,50.0000,135.9755,208.1136,100.0000,0.5334,61.3028,13,222.1048,50,-0.014747
DynamicDuopoly,random,47,160.1189,1.0000,50.0000,146.7465,199.5689,88.0000,0.5079,57.9226,11,343.0968,50,-0.016012
DynamicDuopoly,immediate,48,242.4897,1.0000,50.0000,225.7586,194.8919,90.0000,0.5912,56.2086,8,617.6525,50,-0.024249
DynamicDuopoly,twap,48,109.0814,0.9997,49.9852,93.3860,212.7987,100.0000,0.5038,43.2977,16,78.5418,50,-0.010908
DynamicDuopoly,myopic_router,48,149.7126,1.0000,50.0000,130.7055,199.1979,100.0000,0.5345,49.8733,13,207.7016,50,-0.014971
DynamicDuopoly,random,48,244.0270,1.0000,50.0000,225.9076,202.7223,94.0000,0.8374,55.4316,9,603.0885,50,-0.024403
DynamicDuopoly,immediate,49,244.2474,1.0000,50.0000,221.5986,187.7393,90.0000,0.7125,48.3071,13,571.4018,50,-0.024425
DynamicDuopoly,twap,49,128.7817,0.9997,49.9852,89.7538,206.8314,100.0000,0.5129,50.4876,12,69.5910,50,-0.012878
DynamicDuopoly,myopic_router,49,157.3487,1.0000,50.0000,130.0920,198.1729,100.0000,0.5458,51.9862,13,183.9141,50,-0.015735
DynamicDuopoly,random,49,249.5597,1.0000,50.0000,226.0710,197.1719,94.0000,0.5935,62.0158,10,587.8885,50,-0.024956
