pool,unit_role,week,swaps,vol0,vol1,twl_active_liquidity,depth_1pct,depth_2pct,depth_5pct,lp_entry_count,lp_exit_count,unique_lp_count,jit_share_same_block,lp_fee_income_native1,lp_fee_income_per_active_liquidity,collect_amount1_native,position_duration_days,net_liq
0x35644fb61afbc458bf92b15add6abc1996be5014,crossvenue_fork,2024-01,9,1227.509146,0.536655,1870150269147392.0,1870150269147392.0,1869599633432667.8,1869599633432667.8,0,2,1,0.0,0.000268,0.0,11.828204,0.0,-1861601160141544
0x35644fb61afbc458bf92b15add6abc1996be5014,crossvenue_fork,2024-02,0,0,0,1870150269147392.0,0,0,0,0,0,0,0.0,0,0.0,0,0.0,0
0x35644fb61afbc458bf92b15add6abc1996be5014,crossvenue_fork,2024-03,3,35.09718,0.014079,34953825016058.3,6897201861675.0,6897201861675.0,6897201861675.0,0,0,0,0.0,7e-06,0.0,0,0.0,0
0x35644fb61afbc458bf92b15add6abc1996be5014,crossvenue_fork,2024-04,3,29.293353,0.012661,8251932330901.81,8549109005848.0,8549109005848.0,7998473291123.67,0,0,0,0.0,6e-06,0.0,0,0.0,0
0x35644fb61afbc458bf92b15add6abc1996be5014,crossvenue_fork,2024-05,0,0,0,8549109005848.0,0,0,0,0,1,1,0.0,0,0.0,0.101851,0.0,-4834272666275
0x35644fb61afbc458bf92b15add6abc1996be5014,crossvenue_fork,2024-06,0,0,0,8549109005848.0,0,0,0,0,0,0,0.0,0,0.0,0,0.0,0
0x35644fb61afbc458bf92b15add6abc1996be5014,crossvenue_fork,2024-07,1,10.0,0.004087,4064496935021.3,2062929195400.0,2062929195400.0,2062929195400.0,0,0,0,0.0,2e-06,0.0,0,0.0,0
0x35644fb61afbc458bf92b15add6abc1996be5014,crossvenue_fork,2024-08,0,0,0,2062929195400.0,0,0,0,0,0,0,0.0,0,0.0,0,0.0,0
0x35644fb61afbc458bf92b15add6abc1996be5014,crossvenue_fork,2024-09,0,0,0,2062929195400.0,0,0,0,0,0,0,0.0,0,0.0,0,0.0,0
0x35644fb61afbc458bf92b15add6abc1996be5014,crossvenue_fork,2024-10,1,20.031689,0.006278,2062929195400.0,2049881378616.0,2049881378616.0,2049881378616.0,0,0,0,0.0,3e-06,0.0,0,0.0,0
0x35644fb61afbc458bf92b15add6abc1996be5014,crossvenue_fork,2024-11,0,0,0,2062929195400.0,0,0,0,0,0,0,0.0,0,0.0,0,0.0,0
0x35644fb61afbc458bf92b15add6abc1996be5014,crossvenue_fork,2024-12,2,3.684541,0.001003,2062929195400.0,2062929195400.0,2062929195400.0,2062929195400.0,0,0,0,0.0,1e-06,0.0,0,0.0,0
0x35644fb61afbc458bf92b15add6abc1996be5014,crossvenue_fork,2024-13,0,0,0,2062929195400.0,0,0,0,0,0,0,0.0,0,0.0,0,0.0,0
0x35644fb61afbc458bf92b15add6abc1996be5014,crossvenue_fork,2024-14,1,0.085493,2.4e-05,2062929195400.0,2062929195400.0,2062929195400.0,2062929195400.0,0,0,0,0.0,0.0,0.0,0,0.0,0
0x35644fb61afbc458bf92b15add6abc1996be5014,crossvenue_fork,2024-15,6,11.833748,0.003674,2062929195400.0,2062929195400.0,2062929195400.0,2062929195400.0,0,0,0,0.0,2e-06,0.0,0,0.0,0
0x35644fb61afbc458bf92b15add6abc1996be5014,crossvenue_fork,2024-16,1,3.331558,0.00111,2062929195400.0,2062929195400.0,2062929195400.0,2062929195400.0,0,0,0,0.0,1e-06,0.0,0,0.0,0
0x35644fb61afbc458bf92b15add6abc1996be5014,crossvenue_fork,2024-17,4,7.042971,0.002329,2062929195400.0,2062929195400.0,2062929195400.0,2062929195400.0,0,0,0,0.0,1e-06,0.0,0,0.0,0
0x35644fb61afbc458bf92b15add6abc1996be5014,crossvenue_fork,2024-18,5,19.176996,0.00668,2062929195400.0,2062929195400.0,2062929195400.0,2062929195400.0,0,0,0,0.0,3e-06,0.0,0,0.0,0
0x35644fb61afbc458bf92b15add6abc1996be5014,crossvenue_fork,2024-19,1,1.463152,0.000496,2062929195400.0,2062929195400.0,2062929195400.0,2062929195400.0,0,0,0,0.0,0.0,0.0,0,0.0,0
0x35644fb61afbc458bf92b15add6abc1996be5014,crossvenue_fork,2024-20,4,8.048347,0.002593,2062929195400.0,2062929195400.0,2062929195400.0,2062929195400.0,0,0,0,0.0,1e-06,0.0,0,0.0,0
0x35644fb61afbc458bf92b15add6abc1996be5014,crossvenue_fork,2024-21,5,15.881275,0.004542,2060583695001.92,2049881378616.0,2049881378616.0,2049881378616.0,0,0,0,0.0,2e-06,0.0,0,0.0,0
0x35644fb61afbc458bf92b15add6abc1996be5014,crossvenue_fork,2024-22,0,0,0,2062929195400.0,0,0,0,0,0,0,0.0,0,0.0,0,0.0,0
0x35644fb61afbc458bf92b15add6abc1996be5014,crossvenue_fork,2024-23,0,0,0,2062929195400.0,0,0,0,0,0,0,0.0,0,0.0,0,0.0,0
0x35644fb61afbc458bf92b15add6abc1996be5014,crossvenue_fork,2024-24,2,3.771301,0.001025,2062929195400.0,2062929195400.0,2062929195400.0,2062929195400.0,0,0,0,0.0,1e-06,0.0,0,0.0,0
0x35644fb61afbc458bf92b15add6abc1996be5014,crossvenue_fork,2024-25,0,0,0,2062929195400.0,0,0,0,0,0,0,0.0,0,0.0,0,0.0,0
0x35644fb61afbc458bf92b15add6abc1996be5014,crossvenue_fork,2024-26,1,3.470512,0.001,2062929195400.0,2062929195400.0,2062929195400.0,2062929195400.0,0,0,0,0.0,0.0,0.0,0,0.0,0
0x35644fb61afbc458bf92b15add6abc1996be5014,crossvenue_fork,2024-27,2,7.445797,0.002354,2062929195400.0,2062929195400.0,2062929195400.0,2062929195400.0,1,0,1,0.0,1e-06,0.0,0,0.0,14710545149
0x35644fb61afbc458bf92b15add6abc1996be5014,crossvenue_fork,2024-28,1,3.753151,0.001223,2066658226167.9,2077639740549.0,2077639740549.0,2077639740549.0,0,1,1,0.0,1e-06,0.0,7.1e-05,6.92,-14710545149
0x35644fb61afbc458bf92b15add6abc1996be5014,crossvenue_fork,2024-29,1,0.9975,0.000312,2066523622733.95,2062929195400.0,2062929195400.0,2062929195400.0,0,0,0,0.0,0.0,0.0,0,0.0,0
0x35644fb61afbc458bf92b15add6abc1996be5014,crossvenue_fork,2024-30,3,15.357174,0.004457,2062929195400.0,2062929195400.0,2062929195400.0,2062929195400.0,0,0,0,0.0,2e-06,0.0,0,0.0,0
0x35644fb61afbc458bf92b15add6abc1996be5014,crossvenue_fork,2024-31,5,16.173209,0.005293,2062929195400.0,2062929195400.0,2062929195400.0,2062929195400.0,0,0,0,0.0,3e-06,0.0,0,0.0,0
0x35644fb61afbc458bf92b15add6abc1996be5014,crossvenue_fork,2024-32,2,7.786158,0.003085,2062929195400.0,2062929195400.0,2062929195400.0,2062929195400.0,0,0,0,0.0,2e-06,0.0,0,0.0,0
0x35644fb61afbc458bf92b15add6abc1996be5014,crossvenue_fork,2024-33,2,4.065208,0.001541,2062929195400.0,2062929195400.0,2062929195400.0,2062929195400.0,0,0,0,0.0,1e-06,0.0,0,0.0,0
0x35644fb61afbc458bf92b15add6abc1996be5014,crossvenue_fork,2024-34,2,6.758885,0.002444,2062929195400.0,2062929195400.0,2062929195400.0,2062929195400.0,0,0,0,0.0,1e-06,0.0,0,0.0,0
0x35644fb61afbc458bf92b15add6abc1996be5014,crossvenue_fork,2024-35,4,481.905296,0.178412,111920739170454.69,2062929195400.0,2062929195400.0,2062929195400.0,1,1,1,0.0,8.9e-05,0.0,3.573944,0.0,0
0x35644fb61afbc458bf92b15add6abc1996be5014,crossvenue_fork,2024-36,2,12.997282,0.005599,2066862307648.03,2613564910124.33,2613564910124.33,2613564910124.33,1,1,1,0.0,3e-06,0.0,0.001988,0.02,0
0x35644fb61afbc458bf92b15add6abc1996be5014,crossvenue_fork,2024-37,0,0,0,2062929195400.0,0,0,0,1,0,1,0.0,0,0.0,0,0.0,2094059457487
0x35644fb61afbc458bf92b15add6abc1996be5014,crossvenue_fork,2024-38,1,46.264402,0.018745,9005886576650.98,19426279816606.0,19426279816606.0,19426279816606.0,1,0,1,0.0,9e-06,0.0,0,0.0,17363350621206
0x35644fb61afbc458bf92b15add6abc1996be5014,crossvenue_fork,2024-39,1,13.124611,0.005002,19426279816606.0,19426279816606.0,19426279816606.0,19426279816606.0,0,0,0,0.0,3e-06,0.0,0,0.0,0
0x35644fb61afbc458bf92b15add6abc1996be5014,crossvenue_fork,2024-40,12,1658.199192,0.691811,139544227099567.06,19426279816606.0,19426279816606.0,19976915531330.33,1,1,1,0.0,0.000346,0.0,1.022691,0.74,0
0x35644fb61afbc458bf92b15add6abc1996be5014,crossvenue_fork,2024-41,0,0,0,19426279816606.0,0,0,0,0,0,0,0.0,0,0.0,0,0.0,0
0x35644fb61afbc458bf92b15add6abc1996be5014,crossvenue_fork,2024-42,12,167.1459,0.063696,36645803660185.57,19426279816606.0,19426279816606.0,19426279816606.0,1,0,1,0.0,3.2e-05,0.0,0,0.0,718430464997028
0x35644fb61afbc458bf92b15add6abc1996be5014,crossvenue_fork,2024-43,9,93.774567,0.035787,38327843240932.57,19426279816606.0,19426279816606.0,19976915531330.33,0,0,0,0.0,1.8e-05,0.0,0,0.0,0
0x35644fb61afbc458bf92b15add6abc1996be5014,crossvenue_fork,2024-44,6,281.885166,0.103528,144709719436821.84,19426279816606.0,19426279816606.0,19426279816606.0,0,0,0,0.0,5.2e-05,0.0,0,0.0,0
0x35644fb61afbc458bf92b15add6abc1996be5014,crossvenue_fork,2024-45,7,253.111603,0.090293,19426279816606.0,19426279816606.0,19426279816606.0,19426279816606.0,0,0,0,0.0,4.5e-05,0.0,0,0.0,0
0x35644fb61afbc458bf92b15add6abc1996be5014,crossvenue_fork,2024-46,6,126.388667,0.038503,19426279816606.0,19426279816606.0,19426279816606.0,19426279816606.0,0,0,0,0.0,1.9e-05,0.0,0,0.0,0
0x35644fb61afbc458bf92b15add6abc1996be5014,crossvenue_fork,2024-47,3,83.963734,0.025516,19426279816606.0,19426279816606.0,19426279816606.0,19426279816606.0,0,0,0,0.0,1.3e-05,0.0,0,0.0,0
0x35644fb61afbc458bf92b15add6abc1996be5014,crossvenue_fork,2024-48,4,84.63534,0.02401,19426279816606.0,19426279816606.0,19413231999822.0,19413231999822.0,0,0,0,0.0,1.2e-05,0.0,0,0.0,0
0x35644fb61afbc458bf92b15add6abc1996be5014,crossvenue_fork,2024-49,2,45.332926,0.011824,19408088920651.66,13599352825852.0,13599352825852.0,13612400642636.0,0,0,0,0.0,6e-06,0.0,0,0.0,0
0x35644fb61afbc458bf92b15add6abc1996be5014,crossvenue_fork,2024-50,3,76.047932,0.019739,19400353493993.89,19387136366254.0,13599352825852.0,13612400642636.0,0,0,0,0.0,1e-05,0.0,0,0.0,0
0x35644fb61afbc458bf92b15add6abc1996be5014,crossvenue_fork,2024-51,4,89.331479,0.024539,19410168934222.12,19426279816606.0,19426279816606.0,19426279816606.0,0,1,1,0.0,1.2e-05,0.0,5.6e-05,90.87,0
0x35644fb61afbc458bf92b15add6abc1996be5014,crossvenue_fork,2024-52,6,76.720973,0.022855,19426279816606.0,19426279816606.0,19426279816606.0,19426279816606.0,0,1,1,0.0,1.1e-05,0.0,4.1e-05,0.0,-2398462654
0x35644fb61afbc458bf92b15add6abc1996be5014,crossvenue_fork,2024-53,0,0,0,19426279816606.0,0,0,0,0,0,0,0.0,0,0.0,0,0.0,0
0x35644fb61afbc458bf92b15add6abc1996be5014,crossvenue_fork,2025-00,7,41.808525,0.011937,19423881353952.0,19423881353952.0,19423881353952.0,19423881353952.0,0,0,0,0.0,6e-06,0.0,0,0.0,0
0x35644fb61afbc458bf92b15add6abc1996be5014,crossvenue_fork,2025-01,35,167.255098,0.050551,19423881353951.99,19423881353952.0,19423881353952.0,19423881353952.0,0,0,0,0.0,2.5e-05,0.0,0,0.0,0
0x35644fb61afbc458bf92b15add6abc1996be5014,crossvenue_fork,2025-02,5,108.207724,0.032677,19423881353952.0,19423881353952.0,19423881353952.0,19423881353952.0,0,0,0,0.0,1.6e-05,0.0,0,0.0,0
0x35644fb61afbc458bf92b15add6abc1996be5014,crossvenue_fork,2025-03,11,149.625783,0.044857,19423881353952.0,19423881353952.0,19423881353952.0,19423881353952.0,0,0,0,0.0,2.2e-05,0.0,0,0.0,0
0x35644fb61afbc458bf92b15add6abc1996be5014,crossvenue_fork,2025-04,18,40547.536692,0.189861,19424163814144.2,19424442464942.0,19424442464942.0,19424442464942.0,2,1,2,1.0,9.5e-05,0.0,0.065965,0.0,561110990
0x35644fb61afbc458bf92b15add6abc1996be5014,crossvenue_fork,2025-05,29,619.618137,0.231922,115744166525865.77,19424442464942.0,19424442464942.0,19424442464942.0,0,0,0,0.0,0.000116,0.0,0,0.0,0
0x35644fb61afbc458bf92b15add6abc1996be5014,crossvenue_fork,2025-06,33,522.91259,0.19446,45268058695675.14,258902056771848.66,19425235106172.67,19425235106172.67,1,0,1,0.0,9.7e-05,0.0,0,0.0,1188961846
0x35644fb61afbc458bf92b15add6abc1996be5014,crossvenue_fork,2025-07,36,500.895107,0.185421,183295396534938.62,19763110144119.0,19763110144119.0,19762713823503.67,1,0,1,0.0,9.3e-05,0.0,0,0.0,337478717331
0x35644fb61afbc458bf92b15add6abc1996be5014,crossvenue_fork,2025-08,35,473.668087,0.194886,51522503550804.3,19761921182273.0,19761921182273.0,19649428276496.0,0,0,0,0.0,9.7e-05,0.0,0,0.0,0
0x35644fb61afbc458bf92b15add6abc1996be5014,crossvenue_fork,2025-09,50,463.213678,0.213526,20943082223140.86,21080958368418.0,21080958368418.0,21080958368418.0,1,0,1,0.0,0.000107,0.0,0,0.0,4608759303
0x35644fb61afbc458bf92b15add6abc1996be5014,crossvenue_fork,2025-10,68,1259.57393,0.666289,100599340303939.72,21634080516111.0,21634080516111.0,21634080516111.0,2,0,1,0.0,0.000333,0.0,0,0.0,71872388297689
0x35644fb61afbc458bf92b15add6abc1996be5014,crossvenue_fork,2025-11,26,174.736205,0.089061,23217702477596.18,21634080516111.0,21634080516111.0,21634080516111.0,0,0,0,0.0,4.5e-05,0.0,0,0.0,0
0x35644fb61afbc458bf92b15add6abc1996be5014,crossvenue_fork,2025-12,47,667.624714,0.351424,107444935470412.97,21634080516111.0,21634080516111.0,21634080516111.0,0,0,0,0.0,0.000176,0.0,0,0.0,0
0x35644fb61afbc458bf92b15add6abc1996be5014,crossvenue_fork,2025-13,54,909.508932,0.490658,115569595785933.98,21634080516111.0,21634080516111.0,21634080516111.0,0,1,1,0.0,0.000245,0.0,0.0,48.96,0
0x35644fb61afbc458bf92b15add6abc1996be5014,crossvenue_fork,2025-14,59,485.136155,0.311272,22762223488053.86,21634080516111.0,21634080516111.0,21634080516111.0,0,0,0,0.0,0.000156,0.0,0,0.0,0
0x35644fb61afbc458bf92b15add6abc1996be5014,crossvenue_fork,2025-15,52,266.870361,0.166698,22124967447162.39,21634080516111.0,21634080516111.0,35225863418770.66,1,0,1,0.0,8.3e-05,0.0,0,0.0,40775348707979
0x35644fb61afbc458bf92b15add6abc1996be5014,crossvenue_fork,2025-16,42,269.060323,0.155575,21634080516111.0,21634080516111.0,21634080516111.0,21634080516111.0,0,0,0,0.0,7.8e-05,0.0,0,0.0,0
0x35644fb61afbc458bf92b15add6abc1996be5014,crossvenue_fork,2025-17,37,252.768438,0.139324,21662438528001.9,21634080516111.0,21634080516111.0,21634080516111.0,0,2,1,0.0,7e-05,0.0,0.0,17.8,-40775348707979
0x35644fb61afbc458bf92b15add6abc1996be5014,crossvenue_fork,2025-18,51,1600.442148,0.804092,24282624916760.11,20319652089269.0,20319652089269.0,20207159183492.0,0,0,0,0.0,0.000402,0.0,0,0.0,0
0x35644fb61afbc458bf92b15add6abc1996be5014,crossvenue_fork,2025-19,27,334.094084,0.130246,67202941759412.38,20207159183492.0,20207159183492.0,20757794898216.33,0,0,0,0.0,6.5e-05,0.0,0,0.0,0
0x35644fb61afbc458bf92b15add6abc1996be5014,crossvenue_fork,2025-20,11,151.174669,0.058304,83041442282134.3,2956301468063.0,2956301468063.0,2843808562286.0,0,1,1,0.0,2.9e-05,0.0,0.078796,0.0,-17363350621206
0x35644fb61afbc458bf92b15add6abc1996be5014,crossvenue_fork,2025-21,11,124.148643,0.046463,99645093858467.1,2956301468063.0,2956301468063.0,2956301468063.0,0,0,0,0.0,2.3e-05,0.0,0,0.0,0
0x35644fb61afbc458bf92b15add6abc1996be5014,crossvenue_fork,2025-22,19,2788.211885,0.806015,2955497947307.45,2956301468063.0,2956301468063.0,2956301468063.0,1,1,1,1.0,0.000403,0.0,0.054494,0.0,0
0x35644fb61afbc458bf92b15add6abc1996be5014,crossvenue_fork,2025-23,11,226.522382,0.098277,54671996739266.75,2956301468063.0,2956301468063.0,2956301468063.0,0,0,0,0.0,4.9e-05,0.0,0,0.0,0
0x35644fb61afbc458bf92b15add6abc1996be5014,crossvenue_fork,2025-24,11,68.795034,0.029609,3133255960361.12,4270729894905.0,4270729894905.0,4270729894905.0,0,0,0,0.0,1.5e-05,0.0,0,0.0,0
0x35644fb61afbc458bf92b15add6abc1996be5014,crossvenue_fork,2025-25,4,17.801032,0.007452,3135572727396.53,2956301468063.0,2843808562286.0,3394444277010.33,0,1,1,0.0,4e-06,0.0,0.04134,103.73,-2021387282394
0x35644fb61afbc458bf92b15add6abc1996be5014,crossvenue_fork,2025-26,10,239.79546,0.089658,1048172702267.03,934914185669.0,934914185669.0,934914185669.0,0,0,0,0.0,4.5e-05,0.0,0,0.0,0
0x35644fb61afbc458bf92b15add6abc1996be5014,crossvenue_fork,2025-27,4,42.657959,0.015842,129843501492478.67,598624430184.0,598624430184.0,711117335961.0,0,0,0,0.0,8e-06,0.0,0,0.0,0
0x35644fb61afbc458bf92b15add6abc1996be5014,crossvenue_fork,2025-28,1,2.348347,0.000707,598624430184.0,598624430184.0,598228109568.67,598228109568.67,0,0,0,0.0,0.0,0.0,0,0.0,0
0x35644fb61afbc458bf92b15add6abc1996be5014,crossvenue_fork,2025-29,3,2.326199,0.000621,584938195620.09,597435468338.0,597435468338.0,584783972169.33,0,0,0,0.0,0.0,0.0,0,0.0,0
0x35644fb61afbc458bf92b15add6abc1996be5014,crossvenue_fork,2025-30,2,1.375041,0.000382,597885034706.64,598624430184.0,598624430184.0,598228109568.67,0,0,0,0.0,0.0,0.0,0,0.0,0
0x35644fb61afbc458bf92b15add6abc1996be5014,crossvenue_fork,2025-31,7,3.976068,0.001028,580642690342.29,558292017986.0,558292017986.0,558292017986.0,0,0,0,0.0,1e-06,0.0,0,0.0,0
0x35644fb61afbc458bf92b15add6abc1996be5014,crossvenue_fork,2025-32,2,1.460105,0.000327,558292017986.0,558292017986.0,558292017986.0,558292017986.0,0,0,0,0.0,0.0,0.0,0,0.0,0
0x35644fb61afbc458bf92b15add6abc1996be5014,crossvenue_fork,2025-33,6,3.442288,0.000788,558292017986.0,558292017986.0,558292017986.0,556755764885.0,0,0,0,0.0,0.0,0.0,0,0.0,0
0x35644fb61afbc458bf92b15add6abc1996be5014,crossvenue_fork,2025-34,12,3.223312,0.000721,558292017986.0,558292017986.0,558292017986.0,558292017986.0,0,0,0,0.0,0.0,0.0,0,0.0,0
0x35644fb61afbc458bf92b15add6abc1996be5014,crossvenue_fork,2025-35,7,3.180971,0.000721,558292017986.0,558292017986.0,558292017986.0,558292017986.0,0,0,0,0.0,0.0,0.0,0,0.0,0
0x35644fb61afbc458bf92b15add6abc1996be5014,crossvenue_fork,2025-36,12,4.013915,0.000892,558292017986.0,558292017986.0,558292017986.0,556755764885.0,0,0,0,0.0,0.0,0.0,0,0.0,0
0x35644fb61afbc458bf92b15add6abc1996be5014,crossvenue_fork,2025-37,7,2.872406,0.000644,558292017986.0,558292017986.0,558292017986.0,558292017986.0,0,0,0,0.0,0.0,0.0,0,0.0,0
0x35644fb61afbc458bf92b15add6abc1996be5014,crossvenue_fork,2025-38,14,5.146395,0.001249,558292017986.0,558292017986.0,558292017986.0,571339834770.0,0,0,0,0.0,1e-06,0.0,0,0.0,0
0x35644fb61afbc458bf92b15add6abc1996be5014,crossvenue_fork,2025-39,12,3.88044,0.000901,558292017986.0,558292017986.0,558292017986.0,556755764885.0,0,1,1,0.0,0.0,0.0,0.0,0.0,0
0x35644fb61afbc458bf92b15add6abc1996be5014,crossvenue_fork,2025-40,15,7.730256,0.001794,568040601097.47,558292017986.0,558292017986.0,558292017986.0,0,0,0,0.0,1e-06,0.0,0,0.0,0
0x35644fb61afbc458bf92b15add6abc1996be5014,crossvenue_fork,2025-41,25,7.017331,0.001736,558292017986.0,558292017986.0,558292017986.0,571339834770.0,0,0,0,0.0,1e-06,0.0,0,0.0,0
0x35644fb61afbc458bf92b15add6abc1996be5014,crossvenue_fork,2025-42,39,8.420927,0.002161,560543543037.0,558292017986.0,558292017986.0,558292017986.0,0,2,1,0.0,1e-06,0.0,2.3e-05,0.0,-39846580424573
0x35644fb61afbc458bf92b15add6abc1996be5014,crossvenue_fork,2025-43,33,5.007464,0.001261,561301559059.69,558292017986.0,571339834770.0,571339834770.0,0,0,0,0.0,1e-06,0.0,0,0.0,0
0x35644fb61afbc458bf92b15add6abc1996be5014,crossvenue_fork,2025-44,23,9.096966,0.002688,597116560048.27,598624430184.0,598624430184.0,598228109568.67,0,0,0,0.0,1e-06,0.0,0,0.0,0
0x35644fb61afbc458bf92b15add6abc1996be5014,crossvenue_fork,2025-45,27,5.921863,0.001756,598496215746.84,598624430184.0,598624430184.0,711117335961.0,0,0,0,0.0,1e-06,0.0,0,0.0,0
0x35644fb61afbc458bf92b15add6abc1996be5014,crossvenue_fork,2025-46,41,11.415234,0.003914,790639664735.79,936103147515.0,936103147515.0,936103147515.0,0,0,0,0.0,2e-06,0.0,0,0.0,0
0x35644fb61afbc458bf92b15add6abc1996be5014,crossvenue_fork,2025-47,46,8.773878,0.003023,775706454694.1,711117335961.0,711117335961.0,711117335961.0,0,0,0,0.0,2e-06,0.0,0,0.0,0
0x35644fb61afbc458bf92b15add6abc1996be5014,crossvenue_fork,2025-48,52,17.780654,0.005745,7598212734375.56,598624430184.0,598624430184.0,711117335961.0,0,0,0,0.0,3e-06,0.0,0,0.0,0
0x35644fb61afbc458bf92b15add6abc1996be5014,crossvenue_fork,2025-49,19,4.088878,0.001292,598624430184.0,598624430184.0,598624430184.0,711117335961.0,0,0,0,0.0,1e-06,0.0,0,0.0,0
0x35644fb61afbc458bf92b15add6abc1996be5014,crossvenue_fork,2025-50,66,10.955497,0.00373,901371520856.88,823610241738.0,823610241738.0,823610241738.0,0,0,0,0.0,2e-06,0.0,0,0.0,0
0x35644fb61afbc458bf92b15add6abc1996be5014,crossvenue_fork,2025-51,57,14.106769,0.004381,890048016209.39,936103147515.0,823610241738.0,823610241738.0,0,1,1,0.0,2e-06,0.0,0.0,0.0,0
0x35644fb61afbc458bf92b15add6abc1996be5014,crossvenue_fork,2025-52,22,2.358714,0.000794,906512832681.5,823610241738.0,823610241738.0,823610241738.0,0,0,0,0.0,0.0,0.0,0,0.0,0
0x35644fb61afbc458bf92b15add6abc1996be5014,crossvenue_fork,2026-00,19,1.555814,0.000507,700268051101.94,598624430184.0,598624430184.0,711117335961.0,0,0,0,0.0,0.0,0.0,0,0.0,0
0x35644fb61afbc458bf92b15add6abc1996be5014,crossvenue_fork,2026-01,43,4.681292,0.001474,598624430184.0,598624430184.0,598624430184.0,711117335961.0,0,0,0,0.0,1e-06,0.0,0,0.0,0
0x35644fb61afbc458bf92b15add6abc1996be5014,crossvenue_fork,2026-02,65,11.855548,0.003366,598624430184.0,598624430184.0,598624430184.0,598624430184.0,1,0,1,0.0,2e-06,0.0,0,0.0,637329307597097
0x35644fb61afbc458bf92b15add6abc1996be5014,crossvenue_fork,2026-03,73,31.87061,0.010999,2333702151785.28,7987223082977.0,7987223082977.0,7986826762361.67,3,3,1,0.0,5e-06,0.0,0.145978,0.39,-630278187661635
0x35644fb61afbc458bf92b15add6abc1996be5014,crossvenue_fork,2026-04,113,922.979203,0.384734,27902226335957.29,2396726716949.0,1698706897786.67,1811199803563.67,1,2,2,1.0,0.000192,0.0,0.024716,0.0,-7051119935462
0x35644fb61afbc458bf92b15add6abc1996be5014,crossvenue_fork,2026-05,93,580.387314,0.302458,29093756653591.95,2210199162159.0,2210199162159.0,2210199162159.0,0,1,1,0.0,0.000151,0.0,0.000291,0.0,-39143450352
0x35644fb61afbc458bf92b15add6abc1996be5014,crossvenue_fork,2026-06,90,333.753683,0.173863,7324243365851.17,2210199162159.0,10519449473931.67,3526261592455.0,0,0,0,0.0,8.7e-05,0.0,0,0.0,0
0x35644fb61afbc458bf92b15add6abc1996be5014,crossvenue_fork,2026-07,64,18.071728,0.009199,2210199162159.0,2210199162159.0,2210199162159.0,2210199162159.0,0,0,0,0.0,5e-06,0.0,0,0.0,0
0x35644fb61afbc458bf92b15add6abc1996be5014,crossvenue_fork,2026-08,167,1760.340135,0.783807,56581534294162.75,2210199162159.0,2210199162159.0,2210199162159.0,1,1,1,1.0,0.000392,0.0,0.042738,0.0,0
0x35644fb61afbc458bf92b15add6abc1996be5014,crossvenue_fork,2026-09,98,81.851255,0.03954,4593168293043.79,2210199162159.0,2210199162159.0,2210199162159.0,0,0,0,0.0,2e-05,0.0,0,0.0,0
0x35644fb61afbc458bf92b15add6abc1996be5014,crossvenue_fork,2026-10,136,265.758105,0.140358,12642056901400.48,2210199162159.0,2210199162159.0,2210199162159.0,1,2,2,1.0,7e-05,0.0,0.00025,0.0,0
0x35644fb61afbc458bf92b15add6abc1996be5014,crossvenue_fork,2026-11,67,38.421,0.017876,3731574002616.02,28252259129951.33,28252259129951.33,28252259129951.33,1,0,1,0.0,9e-06,0.0,0,0.0,2268971251127
0x35644fb61afbc458bf92b15add6abc1996be5014,crossvenue_fork,2026-12,84,108.677687,0.052076,8098788261292.16,4479170413286.0,4479170413286.0,17043899018994.67,1,2,1,0.0,2.6e-05,0.0,4e-06,4.03,0
0x35644fb61afbc458bf92b15add6abc1996be5014,crossvenue_fork,2026-13,154,295.260381,0.154277,20325066094787.1,4479170413286.0,4479170413286.0,4479170413286.0,0,0,0,0.0,7.7e-05,0.0,0,0.0,0
0x35644fb61afbc458bf92b15add6abc1996be5014,crossvenue_fork,2026-14,43,34.679097,0.015897,4479170413286.0,4479170413286.0,4479170413286.0,4479170413286.0,0,1,1,0.0,8e-06,0.0,7e-06,0.0,0
0x35644fb61afbc458bf92b15add6abc1996be5014,crossvenue_fork,2026-15,143,110.226068,0.048051,4118771824636.63,72892846344083.0,72892846344083.0,49537651985759.66,1,0,1,0.0,2.4e-05,0.0,0,0.0,68413675930797
0x35644fb61afbc458bf92b15add6abc1996be5014,crossvenue_fork,2026-16,260,2051.42769,0.890695,72548522414995.34,71240939199910.0,71904067820411.33,49099509176812.34,0,0,0,0.0,0.000445,0.0,0,0.0,0
0x35644fb61afbc458bf92b15add6abc1996be5014,crossvenue_fork,2026-17,197,1463.094721,0.630009,71657040979931.92,70073239378231.66,70073239378231.66,70185732284008.66,0,1,1,0.0,0.000315,0.0,0.013889,0.0,-2268971251127
0x35644fb61afbc458bf92b15add6abc1996be5014,crossvenue_fork,2026-18,251,1627.494727,0.67813,69988941648374.34,68971967948783.0,69635096569284.34,46830537925685.34,0,0,0,0.0,0.000339,0.0,0,0.0,0
0x35644fb61afbc458bf92b15add6abc1996be5014,crossvenue_fork,2026-19,239,2821.106077,1.152503,70324023434895.02,2210199162159.0,2210199162159.0,25014757805758.0,0,0,0,0.0,0.000576,0.0,0,0.0,0
0x35644fb61afbc458bf92b15add6abc1996be5014,crossvenue_fork,2026-20,51,25.842713,0.012437,5452112629413.78,2210199162159.0,2210199162159.0,25014757805758.0,0,0,0,0.0,6e-06,0.0,0,0.0,0
0x35644fb61afbc458bf92b15add6abc1996be5014,crossvenue_fork,2026-21,42,23.513554,0.011452,4935613975748.13,2210199162159.0,2210199162159.0,10519449473931.67,0,0,0,0.0,6e-06,0.0,0,0.0,0
0x35644fb61afbc458bf92b15add6abc1996be5014,crossvenue_fork,2026-22,65,633.696596,0.537041,65728524389091.81,2210199162159.0,2210199162159.0,2210199162159.0,1,1,1,1.0,0.000269,0.0,6.96241,0.0,0
0x35644fb61afbc458bf92b15add6abc1996be5014,crossvenue_fork,2026-23,54,18.75689,0.011335,2947344985531.85,2210199162159.0,2210199162159.0,2210199162159.0,0,0,0,0.0,6e-06,0.0,0,0.0,0
0x35644fb61afbc458bf92b15add6abc1996be5014,crossvenue_fork,2026-24,69,34.229994,0.019708,5743355963790.58,2210199162159.0,2210199162159.0,2210199162159.0,0,0,0,0.0,1e-05,0.0,0,0.0,0
0x35644fb61afbc458bf92b15add6abc1996be5014,crossvenue_fork,2026-25,63,38.517727,0.023344,3264596080651.94,2210199162159.0,2210199162159.0,2210199162159.0,0,0,0,0.0,1.2e-05,0.0,0,0.0,0
0x35644fb61afbc458bf92b15add6abc1996be5014,crossvenue_fork,2026-26,10,6.391616,0.003963,7251028701838.28,2210199162159.0,2210199162159.0,2210199162159.0,0,0,0,0.0,2e-06,0.0,0,0.0,0
0x83b486a0ca1c32f642e54b6f031ad346067f82b9,matched_control,2024-01,71,15.840465,15.881834,278229744587.6,93586215695.67,93586215695.67,93586215695.67,2,2,1,0.0,0.047646,0.0,0.089035,0.96,5494310114
0x83b486a0ca1c32f642e54b6f031ad346067f82b9,matched_control,2024-02,45,5.48781,5.506036,280758647087.0,93586215695.67,93586215695.67,93586215695.67,0,0,0,0.0,0.016518,0.0,0,0.0,0
0x83b486a0ca1c32f642e54b6f031ad346067f82b9,matched_control,2024-03,37,4.994325,5.003636,280758647087.0,93586215695.67,93586215695.67,93586215695.67,0,0,0,0.0,0.015011,0.0,0,0.0,0
0x83b486a0ca1c32f642e54b6f031ad346067f82b9,matched_control,2024-04,48,7.922912,7.936417,281154225908.62,93982973375.67,93982973375.67,93982973375.67,1,1,1,0.0,0.023809,0.0,2.284135,22.26,1190273040
0x83b486a0ca1c32f642e54b6f031ad346067f82b9,matched_control,2024-05,59,11.939725,11.96788,281948920127.0,93982973375.67,93982973375.67,93982973375.67,0,0,0,0.0,0.035904,0.0,0,0.0,0
0x83b486a0ca1c32f642e54b6f031ad346067f82b9,matched_control,2024-06,61,9.306288,9.314137,281948920127.0,93982973375.67,93982973375.67,93982973375.67,0,0,0,0.0,0.027942,0.0,0,0.0,0
0x83b486a0ca1c32f642e54b6f031ad346067f82b9,matched_control,2024-07,54,3.708035,3.723238,282325712030.82,94580317360.33,94580317360.33,94580317360.33,1,1,1,0.0,0.01117,0.0,0.033077,21.85,1792031954
0x83b486a0ca1c32f642e54b6f031ad346067f82b9,matched_control,2024-08,47,14.062537,14.116211,283740952081.0,94580317360.33,94580317360.33,94580317360.33,0,0,0,0.0,0.042349,0.0,0,0.0,0
0x83b486a0ca1c32f642e54b6f031ad346067f82b9,matched_control,2024-09,64,28.549353,28.608335,259628125975.17,94963399361.67,94963399361.67,94963399361.67,1,1,1,0.0,0.085825,0.0,0.017823,14.02,1149246004
0x83b486a0ca1c32f642e54b6f031ad346067f82b9,matched_control,2024-10,60,10.957065,10.99189,299138810077.98,121146412480.0,121146412480.0,121146412480.0,3,2,1,0.0,0.032976,0.0,3.566824,3.41,78549039355
0x83b486a0ca1c32f642e54b6f031ad346067f82b9,matched_control,2024-11,57,5.541821,5.547398,363439237440.0,121146412480.0,121146412480.0,121146412480.0,0,0,0,0.0,0.016642,0.0,0,0.0,0
0x83b486a0ca1c32f642e54b6f031ad346067f82b9,matched_control,2024-12,54,4.645662,4.650181,363439237440.0,121146412480.0,121146412480.0,121146412480.0,0,0,0,0.0,0.013951,0.0,0,0.0,0
0x83b486a0ca1c32f642e54b6f031ad346067f82b9,matched_control,2024-13,66,8.680304,8.71063,366038833017.11,122841992881.33,122841992881.33,122841992881.33,1,1,1,0.0,0.026132,0.0,0.078807,19.74,5086741204
0x83b486a0ca1c32f642e54b6f031ad346067f82b9,matched_control,2024-14,71,7.843052,7.866846,314985390741.91,98438730634.67,98438730634.67,98438730634.67,0,1,1,0.0,0.023601,0.0,3.153777,23.52,-73209786740
0x83b486a0ca1c32f642e54b6f031ad346067f82b9,matched_control,2024-15,97,12.702115,12.743327,295316191904.0,98438730634.67,98438730634.67,98438730634.67,0,0,0,0.0,0.03823,0.0,0,0.0,0
0x83b486a0ca1c32f642e54b6f031ad346067f82b9,matched_control,2024-16,118,12.420762,12.466081,296507051460.97,99597373139.33,99597373139.33,99597373139.33,2,2,1,0.0,0.037398,0.0,0.049885,11.51,3475927514
0x83b486a0ca1c32f642e54b6f031ad346067f82b9,matched_control,2024-17,139,4.694668,4.714647,298792119418.0,100327243788.67,99597373139.33,99597373139.33,0,0,0,0.0,0.014144,0.0,0,0.0,0
0x83b486a0ca1c32f642e54b6f031ad346067f82b9,matched_control,2024-18,71,4.75915,4.763765,298792119418.0,99597373139.33,99597373139.33,99597373139.33,0,0,0,0.0,0.014291,0.0,0,0.0,0
0x83b486a0ca1c32f642e54b6f031ad346067f82b9,matched_control,2024-19,68,8.367507,8.385923,298792119418.0,99597373139.33,99597373139.33,99597373139.33,0,0,0,0.0,0.025158,0.0,0,0.0,0
0x83b486a0ca1c32f642e54b6f031ad346067f82b9,matched_control,2024-20,78,5.236424,5.250032,298792119418.0,99597373139.33,99597373139.33,99597373139.33,0,0,0,0.0,0.01575,0.0,0,0.0,0
0x83b486a0ca1c32f642e54b6f031ad346067f82b9,matched_control,2024-21,78,5.237327,5.256806,300850381565.09,101268243631.33,101268243631.33,101268243631.33,1,1,1,0.0,0.01577,0.0,0.035645,33.21,5012611476
0x83b486a0ca1c32f642e54b6f031ad346067f82b9,matched_control,2024-22,40,3.217911,3.229417,350049135025.6,119454209781.0,119454209781.0,119454209781.0,1,0,1,0.0,0.009688,0.0,0,0.0,54557898449
0x83b486a0ca1c32f642e54b6f031ad346067f82b9,matched_control,2024-23,58,4.278724,4.2924,358362629343.0,119454209781.0,119454209781.0,119454209781.0,0,0,0,0.0,0.012877,0.0,0,0.0,0
0x83b486a0ca1c32f642e54b6f031ad346067f82b9,matched_control,2024-24,64,5.759841,5.781103,362539208517.28,121215237373.0,121215237373.0,121215237373.0,1,0,1,0.0,0.017343,0.0,0,0.0,5283082776
0x83b486a0ca1c32f642e54b6f031ad346067f82b9,matched_control,2024-25,54,5.948585,5.961254,367222039747.5,122480392115.67,122480392115.67,122480392115.67,1,1,1,0.0,0.017884,0.0,0.016779,6.02,3795464228
0x83b486a0ca1c32f642e54b6f031ad346067f82b9,matched_control,2024-26,42,3.27122,3.289001,280492305570.43,78876678494.0,78146807844.67,78146807844.67,2,3,1,0.0,0.009867,0.0,2.183525,9.03,-133075239349
0x83b486a0ca1c32f642e54b6f031ad346067f82b9,matched_control,2024-27,85,15.169796,15.228456,234369647072.91,78148755750.67,78148755750.67,78148755750.67,1,1,1,0.0,0.045685,0.0,0.013263,2.13,5843718
0x83b486a0ca1c32f642e54b6f031ad346067f82b9,matched_control,2024-28,93,4.201452,4.223079,234369572499.8,78876678494.0,78146807844.67,78146807844.67,0,1,1,0.0,0.012669,0.0,0.000302,9.0,-5843718
0x83b486a0ca1c32f642e54b6f031ad346067f82b9,matched_control,2024-29,76,6.573008,6.592986,234958733067.94,79310915575.67,78534843755.0,78534843755.0,1,0,1,0.0,0.019779,0.0,0,0.0,1164107731
0x83b486a0ca1c32f642e54b6f031ad346067f82b9,matched_control,2024-30,90,7.732715,7.760408,235530044729.0,79310915575.67,78534843755.0,78534843755.0,0,0,0,0.0,0.023281,0.0,0,0.0,0
0x83b486a0ca1c32f642e54b6f031ad346067f82b9,matched_control,2024-31,108,25.837318,25.964609,228536323646.91,80690266986.0,79914195165.33,79914195165.33,2,2,1,0.0,0.077894,0.0,0.108941,18.65,4212540767
0x83b486a0ca1c32f642e54b6f031ad346067f82b9,matched_control,2024-32,84,7.079207,7.109878,239742585496.0,80690266986.0,79914195165.33,79914195165.33,0,1,1,0.0,0.02133,0.0,0.046072,0.0,0
0x83b486a0ca1c32f642e54b6f031ad346067f82b9,matched_control,2024-33,101,12.660586,12.6922,239742585496.0,80690266986.0,79914195165.33,79914195165.33,0,0,0,0.0,0.038077,0.0,0,0.0,0
0x83b486a0ca1c32f642e54b6f031ad346067f82b9,matched_control,2024-34,132,22.244162,22.31333,242148761431.98,83043159411.33,80614198210.33,80614198210.33,2,3,1,0.0,0.06694,0.0,0.039135,6.1,2100009135
0x83b486a0ca1c32f642e54b6f031ad346067f82b9,matched_control,2024-35,99,7.508015,7.516019,239141124040.77,81748792536.67,80972720716.0,80972720716.0,2,10,1,0.0,0.022548,0.0,0.903974,3.57,1075567517
0x83b486a0ca1c32f642e54b6f031ad346067f82b9,matched_control,2024-36,126,7.56868,7.590028,314694234128.0,145762882327.67,144986810507.0,144986810507.0,3,1,1,0.0,0.02277,0.0,0.033437,0.0,192042269373
0x83b486a0ca1c32f642e54b6f031ad346067f82b9,matched_control,2024-37,78,10.011963,10.021977,450828629576.15,153924918651.0,152742560767.0,152742560767.0,2,2,1,0.0,0.030066,0.0,0.135257,5.11,23267250780
0x83b486a0ca1c32f642e54b6f031ad346067f82b9,matched_control,2024-38,64,6.775166,6.785738,380325301895.53,114050545732.0,112868187848.0,112868187848.0,0,2,1,0.0,0.020357,0.0,0.872903,3.99,-119623118757
0x83b486a0ca1c32f642e54b6f031ad346067f82b9,matched_control,2024-39,58,4.601892,4.599258,296134230206.62,2706550507.0,1524192623.0,1524192623.0,0,0,0,0.0,0.013798,0.0,0,0.0,0
0x83b486a0ca1c32f642e54b6f031ad346067f82b9,matched_control,2024-40,88,5.446758,5.450629,321963165130.68,114050545732.0,112868187848.0,112868187848.0,0,0,0,0.0,0.016352,0.0,0,0.0,0
0x83b486a0ca1c32f642e54b6f031ad346067f82b9,matched_control,2024-41,66,6.427922,6.42953,313061720829.88,114050545732.0,112868187848.0,112868187848.0,0,0,0,0.0,0.019289,0.0,0,0.0,0
0x83b486a0ca1c32f642e54b6f031ad346067f82b9,matched_control,2024-42,51,1.688178,1.693168,338604563544.0,114050545732.0,112868187848.0,112868187848.0,0,1,1,0.0,0.00508,0.0,0.002021,94.66,0
0x83b486a0ca1c32f642e54b6f031ad346067f82b9,matched_control,2024-43,62,2.763862,2.770881,338604563544.0,114050545732.0,112868187848.0,112868187848.0,0,0,0,0.0,0.008313,0.0,0,0.0,0
0x83b486a0ca1c32f642e54b6f031ad346067f82b9,matched_control,2024-44,65,6.647345,6.663105,339276620615.19,114250689374.33,113474617553.67,113474617553.67,2,1,1,0.0,0.019989,0.0,0.020823,0.0,1865582795
0x83b486a0ca1c32f642e54b6f031ad346067f82b9,matched_control,2024-45,96,30.440284,30.537183,361330516301.19,149842785810.33,148660427926.33,148660427926.33,3,2,1,0.0,0.091612,0.0,0.083183,3.45,105557431118
0x83b486a0ca1c32f642e54b6f031ad346067f82b9,matched_control,2024-46,129,23.047817,23.088486,401034162147.76,128077657897.67,127301586077.0,127301586077.0,1,7,1,0.0,0.069265,0.0,0.799404,9.83,-64122819226
0x83b486a0ca1c32f642e54b6f031ad346067f82b9,matched_control,2024-47,137,39.040294,39.094506,449019996014.81,156812971378.33,156036899557.67,156036899557.67,5,3,1,0.0,0.117284,0.0,1.029882,1.03,86205940442
0x83b486a0ca1c32f642e54b6f031ad346067f82b9,matched_control,2024-48,112,6.746017,6.74702,405560528666.87,156690080557.0,155914008736.33,155914008736.33,1,2,1,0.0,0.020241,0.0,0.012039,1.59,-368672464
0x83b486a0ca1c32f642e54b6f031ad346067f82b9,matched_control,2024-49,108,10.944294,10.952277,553624624652.61,212713491786.33,211937419965.67,211937419965.67,2,1,1,0.0,0.032857,0.0,0.038793,0.0,168070233688
0x83b486a0ca1c32f642e54b6f031ad346067f82b9,matched_control,2024-50,102,12.936128,12.947594,576539419523.51,184587350296.33,183811278475.67,183811278475.67,0,2,1,0.0,0.038843,0.0,0.776009,8.03,-84378424470
0x83b486a0ca1c32f642e54b6f031ad346067f82b9,matched_control,2024-51,78,3.772414,3.780568,539350002374.81,163211482764.0,162435410943.33,162435410943.33,0,2,1,0.0,0.011342,0.0,0.248247,0.0,-64127602597
0x83b486a0ca1c32f642e54b6f031ad346067f82b9,matched_control,2024-52,215,8.370101,8.376717,487130668715.71,162629428899.0,162241392988.33,162241392988.33,0,4,1,0.0,0.02513,0.0,0.047616,0.0,-582053865
0x83b486a0ca1c32f642e54b6f031ad346067f82b9,matched_control,2024-53,49,2.576706,2.586133,500227720845.97,173471825322.67,173083789412.0,173083789412.0,1,0,1,0.0,0.007758,0.0,0,0.0,32527189271
0x83b486a0ca1c32f642e54b6f031ad346067f82b9,matched_control,2025-00,80,6.944223,6.943356,551452157536.02,192138714212.0,191750678301.33,191750678301.33,3,4,1,0.0,0.02083,0.0,0.052033,10.93,56000666668
0x83b486a0ca1c32f642e54b6f031ad346067f82b9,matched_control,2025-01,138,6.945927,6.957707,575255789108.99,192138714212.0,191750678301.33,191750678301.33,1,1,1,0.0,0.020873,0.0,0.006303,0.74,0
0x83b486a0ca1c32f642e54b6f031ad346067f82b9,matched_control,2025-02,119,8.336757,8.33487,575252034904.0,192138714212.0,191750678301.33,191750678301.33,0,0,0,0.0,0.025005,0.0,0,0.0,0
0x83b486a0ca1c32f642e54b6f031ad346067f82b9,matched_control,2025-03,127,15.090512,15.125835,562585883702.13,180486629600.0,180098593689.33,180098593689.33,0,3,1,0.0,0.045378,0.0,0.282396,19.89,-34956253836
0x83b486a0ca1c32f642e54b6f031ad346067f82b9,matched_control,2025-04,118,9.722335,9.730925,540295781068.0,180486629600.0,180098593689.33,180098593689.33,0,1,1,0.0,0.029193,0.0,0.003484,0.0,0
0x83b486a0ca1c32f642e54b6f031ad346067f82b9,matched_control,2025-05,166,8.574951,8.592189,538962316345.56,182323813790.33,181935777879.67,181935777879.67,1,2,1,0.0,0.025777,0.0,1.695264,0.0,5511552571
0x83b486a0ca1c32f642e54b6f031ad346067f82b9,matched_control,2025-06,177,6.276373,6.287171,545807333639.0,182323813790.33,181935777879.67,181935777879.67,0,0,0,0.0,0.018862,0.0,0,0.0,0
0x83b486a0ca1c32f642e54b6f031ad346067f82b9,matched_control,2025-07,160,5.013947,5.022679,545807333639.0,182323813790.33,181935777879.67,181935777879.67,0,0,0,0.0,0.015068,0.0,0,0.0,0
0x83b486a0ca1c32f642e54b6f031ad346067f82b9,matched_control,2025-08,186,11.722648,11.740492,531576614046.5,160502723111.33,160114687200.67,160114567037.0,1,3,1,0.0,0.035221,0.0,0.682423,19.92,-65463993019
0x83b486a0ca1c32f642e54b6f031ad346067f82b9,matched_control,2025-09,176,18.390479,18.40426,481510479087.62,161213388592.0,160825352681.33,160825352681.33,4,5,1,0.0,0.055213,0.0,0.036504,2.27,2132717424
0x83b486a0ca1c32f642e54b6f031ad346067f82b9,matched_control,2025-10,177,6.088093,6.09941,482343904907.97,160741315821.33,160741315821.33,160741315821.33,2,5,1,0.0,0.018298,0.0,0.045005,0.87,-252110580
0x83b486a0ca1c32f642e54b6f031ad346067f82b9,matched_control,2025-11,92,8.520296,8.539668,353587603810.96,95567244340.0,95567244340.0,95567244340.0,1,1,1,0.0,0.025619,0.0,1.361664,7.27,-195522214444
0x83b486a0ca1c32f642e54b6f031ad346067f82b9,matched_control,2025-12,71,2.18713,2.192113,412318692566.61,140858796228.33,140858796228.33,140858796228.33,2,2,1,0.0,0.006576,0.0,0.01184,4.86,135874654509
0x83b486a0ca1c32f642e54b6f031ad346067f82b9,matched_control,2025-13,79,5.015056,5.019256,433916179060.87,145866334240.33,145866334240.33,145866334240.33,3,3,1,0.0,0.015058,0.0,1.368132,0.33,15022614036
0x83b486a0ca1c32f642e54b6f031ad346067f82b9,matched_control,2025-14,88,5.923146,5.937082,437182439530.09,146486697125.67,146486697125.67,146486697125.67,2,3,1,0.0,0.017811,0.0,0.944682,1.91,1861088656
0x83b486a0ca1c32f642e54b6f031ad346067f82b9,matched_control,2025-15,43,2.815601,2.823378,439460090221.0,146486697125.67,146486697125.67,146486697125.67,0,0,0,0.0,0.00847,0.0,0,0.0,0
0x83b486a0ca1c32f642e54b6f031ad346067f82b9,matched_control,2025-16,16,0.925936,0.927937,439460090221.0,146486697125.67,146486697125.67,146486697125.67,0,0,0,0.0,0.002784,0.0,0,0.0,0
0x83b486a0ca1c32f642e54b6f031ad346067f82b9,matched_control,2025-17,12,2.675998,2.679379,364069059503.37,103072503041.67,103072503041.67,103072503041.67,0,2,1,0.0,0.008038,0.0,1.263127,19.91,-130242582252
0x83b486a0ca1c32f642e54b6f031ad346067f82b9,matched_control,2025-18,19,4.227126,4.235421,309217507969.0,103072503041.67,103072503041.67,103072503041.67,0,0,0,0.0,0.012706,0.0,0,0.0,0
0x83b486a0ca1c32f642e54b6f031ad346067f82b9,matched_control,2025-19,23,4.720981,4.73452,309248287406.59,103244404712.67,103244404712.67,103244404712.67,1,1,1,0.0,0.014204,0.0,0.010234,0.0,515705013
0x83b486a0ca1c32f642e54b6f031ad346067f82b9,matched_control,2025-20,8,2.219602,2.2167,309733212982.0,103244404712.67,103244404712.67,103244404712.67,1,5,1,0.0,0.00665,0.0,0.534478,3.15,-119462654709
0x83b486a0ca1c32f642e54b6f031ad346067f82b9,matched_control,2025-21,0,0,0,309733212982.0,0,0,0,0,2,1,0.0,0,0.0,0.399551,0.0,-93503581439
0x83b486a0ca1c32f642e54b6f031ad346067f82b9,matched_control,2025-22,0,0,0,309733212982.0,0,0,0,0,0,0,0.0,0,0.0,0,0.0,0
0x83b486a0ca1c32f642e54b6f031ad346067f82b9,matched_control,2025-23,1,9.9e-05,9.9e-05,152999852299.7,32255659330.0,32255659330.0,32255659330.0,0,1,1,0.0,0.0,0.0,0.016741,0.0,0
0x83b486a0ca1c32f642e54b6f031ad346067f82b9,matched_control,2025-24,0,0,0,96766976834.0,0,0,0,0,2,1,0.0,0,0.0,0.334959,0.0,-57557925343
0x83b486a0ca1c32f642e54b6f031ad346067f82b9,matched_control,2025-25,2,0.005333,0.005354,45128058049.71,13069684215.67,13069684215.67,13069684215.67,0,0,0,0.0,1.6e-05,0.0,0,0.0,0
0x83b486a0ca1c32f642e54b6f031ad346067f82b9,matched_control,2025-26,0,0,0,39209051491.0,0,0,0,0,0,0,0.0,0,0.0,0,0.0,0
0x83b486a0ca1c32f642e54b6f031ad346067f82b9,matched_control,2025-27,1,0.001578,0.001574,39209051491.0,13069684215.67,13069684215.67,13069684215.67,0,0,0,0.0,5e-06,0.0,0,0.0,0
0x83b486a0ca1c32f642e54b6f031ad346067f82b9,matched_control,2025-28,3,0.068368,0.06821,39209051491.0,13069684215.67,13069684215.67,13069684215.67,0,0,0,0.0,0.000205,0.0,0,0.0,0
0x83b486a0ca1c32f642e54b6f031ad346067f82b9,matched_control,2025-29,0,0,0,39209051491.0,0,0,0,0,0,0,0.0,0,0.0,0,0.0,0
0x83b486a0ca1c32f642e54b6f031ad346067f82b9,matched_control,2025-30,0,0,0,39209051491.0,0,0,0,0,0,0,0.0,0,0.0,0,0.0,0
0x83b486a0ca1c32f642e54b6f031ad346067f82b9,matched_control,2025-31,22,2.133981,2.141744,39209051491.0,13069684215.67,13069684215.67,13069684215.67,0,0,0,0.0,0.006425,0.0,0,0.0,0
0x83b486a0ca1c32f642e54b6f031ad346067f82b9,matched_control,2025-32,8,0.386421,0.386961,39209051491.0,13069684215.67,13069684215.67,13069684215.67,0,0,0,0.0,0.001161,0.0,0,0.0,0
0x83b486a0ca1c32f642e54b6f031ad346067f82b9,matched_control,2025-33,0,0,0,39209051491.0,0,0,0,0,0,0,0.0,0,0.0,0,0.0,0
0x83b486a0ca1c32f642e54b6f031ad346067f82b9,matched_control,2025-34,88,2.630108,2.642033,39236143935.96,13124851870.67,13106462652.33,13106462652.33,1,0,1,0.0,0.007926,0.0,0,0.0,55167655
0x83b486a0ca1c32f642e54b6f031ad346067f82b9,matched_control,2025-35,75,5.813934,5.845339,90557984054.07,40511234217.67,40511234217.67,40511234217.67,5,4,1,0.0,0.017536,0.0,0.005701,3.49,82269482351
0x83b486a0ca1c32f642e54b6f031ad346067f82b9,matched_control,2025-36,80,8.709371,8.740314,147048464363.05,64099874826.0,64099874826.0,64099874826.0,2,0,1,0.0,0.026221,0.0,0,0.0,70765921825
0x83b486a0ca1c32f642e54b6f031ad346067f82b9,matched_control,2025-37,25,3.296764,3.30341,155855725138.11,46408254400.67,46408254400.67,46408254400.67,2,5,1,0.0,0.00991,0.0,0.833494,3.14,-53074861276
0x83b486a0ca1c32f642e54b6f031ad346067f82b9,matched_control,2025-38,48,2.134373,2.143784,139224762046.0,46408254400.67,46408254400.67,46408254400.67,0,0,0,0.0,0.006431,0.0,0,0.0,0
0x83b486a0ca1c32f642e54b6f031ad346067f82b9,matched_control,2025-39,14,0.61245,0.612541,139224762046.0,46408254400.67,46408254400.67,46408254400.67,0,1,1,0.0,0.001838,0.0,0.013633,14.31,0
0x83b486a0ca1c32f642e54b6f031ad346067f82b9,matched_control,2025-40,25,0.190121,0.190045,168152460590.46,57116130067.67,57116130067.67,57116130067.67,1,1,1,0.0,0.00057,0.0,0.009835,5.29,32123627001
0x83b486a0ca1c32f642e54b6f031ad346067f82b9,matched_control,2025-41,7,1.000126,0.999032,148590224147.1,48955614182.0,48955614182.0,48955614182.0,0,2,1,0.0,0.002997,0.0,0.163594,0.0,-24481547657
0x83b486a0ca1c32f642e54b6f031ad346067f82b9,matched_control,2025-42,3,0.042798,0.042979,146866841390.0,48955614182.0,48955614182.0,48955614182.0,0,1,1,0.0,0.000129,0.0,0.718495,0.0,-103337516782
0x83b486a0ca1c32f642e54b6f031ad346067f82b9,matched_control,2025-43,3,0.001449,0.001447,56456595081.23,14509775254.67,14509775254.67,14509775254.67,0,0,0,0.0,4e-06,0.0,0,0.0,0
0x83b486a0ca1c32f642e54b6f031ad346067f82b9,matched_control,2025-44,19,0.431077,0.431422,43529324608.0,14509775254.67,14509775254.67,14509775254.67,0,0,0,0.0,0.001294,0.0,0,0.0,0
0x83b486a0ca1c32f642e54b6f031ad346067f82b9,matched_control,2025-45,8,0.038021,0.037943,43529324608.0,14509775254.67,14509775254.67,14509775254.67,0,0,0,0.0,0.000114,0.0,0,0.0,0
0x83b486a0ca1c32f642e54b6f031ad346067f82b9,matched_control,2025-46,7,0.190051,0.189649,26097658450.44,578.0,578.0,578.0,0,0,0,0.0,0.000569,0.0,0,0.0,0
0x83b486a0ca1c32f642e54b6f031ad346067f82b9,matched_control,2025-47,6,0.000917,0.000916,32662555279.02,18433.0,18433.0,18433.0,1,0,1,0.0,3e-06,0.0,0,0.0,17855
0x83b486a0ca1c32f642e54b6f031ad346067f82b9,matched_control,2025-48,2,0.006957,0.006978,16714832627.37,14509793109.67,14509793109.67,14509793109.67,0,0,0,0.0,2.1e-05,0.0,0,0.0,0
0x83b486a0ca1c32f642e54b6f031ad346067f82b9,matched_control,2025-49,2,0.001558,0.001554,43529342463.0,14509793109.67,14509793109.67,14509793109.67,0,0,0,0.0,5e-06,0.0,0,0.0,0
0x83b486a0ca1c32f642e54b6f031ad346067f82b9,matched_control,2025-50,29,0.093081,0.093186,43529342463.0,14509793109.67,14509793109.67,14509793109.67,0,0,0,0.0,0.00028,0.0,0,0.0,0
0x83b486a0ca1c32f642e54b6f031ad346067f82b9,matched_control,2025-51,20,0.008966,0.008944,95434158775.61,93309210011.33,93309210011.33,93309210011.33,2,0,1,0.0,2.7e-05,0.0,0,0.0,236398250705
0x83b486a0ca1c32f642e54b6f031ad346067f82b9,matched_control,2025-52,18,0.018875,0.018875,279927593168.0,93309210011.33,93309210011.33,93309210011.33,0,0,0,0.0,5.7e-05,0.0,0,0.0,0
0x83b486a0ca1c32f642e54b6f031ad346067f82b9,matched_control,2026-00,13,0.010557,0.010528,279927593168.0,93309210011.33,93309210011.33,93309210011.33,0,0,0,0.0,3.2e-05,0.0,0,0.0,0
0x83b486a0ca1c32f642e54b6f031ad346067f82b9,matched_control,2026-01,16,0.083856,0.083658,279927593168.0,93309210011.33,93309210011.33,93309210011.33,0,1,1,0.0,0.000251,0.0,0.027175,12.9,0
0x83b486a0ca1c32f642e54b6f031ad346067f82b9,matched_control,2026-02,10,0.09912,0.098826,279927593168.0,93309210011.33,93309210011.33,93309210011.33,0,0,0,0.0,0.000296,0.0,0,0.0,0
0x83b486a0ca1c32f642e54b6f031ad346067f82b9,matched_control,2026-03,18,1.092411,1.092611,279927593168.0,93309210011.33,93309210011.33,93309210011.33,0,0,0,0.0,0.003278,0.0,0,0.0,0
0x83b486a0ca1c32f642e54b6f031ad346067f82b9,matched_control,2026-04,26,1.954105,1.954435,279927593168.0,93309210011.33,93309210011.33,93309210011.33,0,0,0,0.0,0.005863,0.0,0,0.0,0
0x83b486a0ca1c32f642e54b6f031ad346067f82b9,matched_control,2026-05,22,2.143207,2.143706,279927593168.0,93309210011.33,93309210011.33,93309210011.33,0,0,0,0.0,0.006431,0.0,0,0.0,0
0x83b486a0ca1c32f642e54b6f031ad346067f82b9,matched_control,2026-06,24,1.632444,1.635226,279927593168.0,93309210011.33,93309210011.33,93309210011.33,0,0,0,0.0,0.004906,0.0,0,0.0,0
0x83b486a0ca1c32f642e54b6f031ad346067f82b9,matched_control,2026-07,24,0.898256,0.895498,127524240903.78,5421608436.0,5421608436.0,5421608436.0,1,2,1,0.0,0.002686,0.0,3.3e-05,87.19,16264805719
0x83b486a0ca1c32f642e54b6f031ad346067f82b9,matched_control,2026-08,35,5.737038,5.743468,74941452788.89,93318973507.33,93318973507.33,93318973507.33,2,4,1,0.0,0.01723,0.0,0.293566,0.87,-16235479521
0x83b486a0ca1c32f642e54b6f031ad346067f82b9,matched_control,2026-09,28,0.560339,0.559354,205035830219.23,18599146.0,18599146.0,18599146.0,1,2,1,0.0,0.001678,0.0,0.000881,0.0,26451651
0x83b486a0ca1c32f642e54b6f031ad346067f82b9,matched_control,2026-10,30,0.72449,0.725735,222245149249.16,93309192156.33,93309192156.33,93309192156.33,0,2,1,0.0,0.002177,0.0,0.001782,5.95,-55795704
0x83b486a0ca1c32f642e54b6f031ad346067f82b9,matched_control,2026-11,7,1.155164,1.157444,279927575313.0,93309192156.33,93309192156.33,93309192156.33,0,0,0,0.0,0.003472,0.0,0,0.0,0
0x83b486a0ca1c32f642e54b6f031ad346067f82b9,matched_control,2026-12,7,1.413578,1.415527,279927575313.0,93309192156.33,93309192156.33,93309192156.33,0,0,0,0.0,0.004247,0.0,0,0.0,0
0x83b486a0ca1c32f642e54b6f031ad346067f82b9,matched_control,2026-13,3,0.004151,0.004143,279927575313.0,93309192156.33,93309192156.33,93309192156.33,0,0,0,0.0,1.2e-05,0.0,0,0.0,0
0x83b486a0ca1c32f642e54b6f031ad346067f82b9,matched_control,2026-14,8,1.264239,1.261015,279927575313.0,93309192156.33,93309192156.33,93309192156.33,0,0,0,0.0,0.003783,0.0,0,0.0,0
0x83b486a0ca1c32f642e54b6f031ad346067f82b9,matched_control,2026-15,1,0.000118,0.000117,279927575313.0,93309192156.33,93309192156.33,93309192156.33,0,0,0,0.0,0.0,0.0,0,0.0,0
0x83b486a0ca1c32f642e54b6f031ad346067f82b9,matched_control,2026-16,2,0.027819,0.027822,279927575313.0,93309192156.33,93309192156.33,93309192156.33,0,0,0,0.0,8.3e-05,0.0,0,0.0,0
0x83b486a0ca1c32f642e54b6f031ad346067f82b9,matched_control,2026-17,0,0,0,279927575313.0,0,0,0,0,0,0,0.0,0,0.0,0,0.0,0
0x83b486a0ca1c32f642e54b6f031ad346067f82b9,matched_control,2026-18,1,1e-06,1e-06,242019458602.04,71644525012.67,71644525012.67,71644525012.67,0,2,1,0.0,0.0,0.0,0.02308,0.0,-64994001431
0x83b486a0ca1c32f642e54b6f031ad346067f82b9,matched_control,2026-19,3,0.000747,0.000741,214933573882.0,71644525012.67,71644525012.67,71644525012.67,0,0,0,0.0,2e-06,0.0,0,0.0,0
0x83b486a0ca1c32f642e54b6f031ad346067f82b9,matched_control,2026-20,0,0,0,214933573882.0,0,0,0,0,0,0,0.0,0,0.0,0,0.0,0
0x83b486a0ca1c32f642e54b6f031ad346067f82b9,matched_control,2026-21,1,1.4e-05,1.4e-05,214933573882.0,71644525012.67,71644525012.67,71644525012.67,0,0,0,0.0,0.0,0.0,0,0.0,0
0x83b486a0ca1c32f642e54b6f031ad346067f82b9,matched_control,2026-22,2,0.033361,0.033462,214933573882.0,71644525012.67,71644525012.67,71644525012.67,0,0,0,0.0,0.0001,0.0,0,0.0,0
0x83b486a0ca1c32f642e54b6f031ad346067f82b9,matched_control,2026-23,5,0.24237,0.243134,214933573882.0,71644525012.67,71644525012.67,71644525012.67,0,0,0,0.0,0.000729,0.0,0,0.0,0
0x83b486a0ca1c32f642e54b6f031ad346067f82b9,matched_control,2026-24,0,0,0,214933573882.0,0,0,0,0,0,0,0.0,0,0.0,0,0.0,0
0x83b486a0ca1c32f642e54b6f031ad346067f82b9,matched_control,2026-25,5,0.882613,0.88586,214933573882.0,71644525012.67,71644525012.67,71644525012.67,0,0,0,0.0,0.002658,0.0,0,0.0,0
0xc526429c000df97ac0782384b90698b352d13d20,matched_treated,2024-18,104,8269066.235463,96.556784,4.9759889306382584e+16,4.975988930638257e+16,4.975988930638257e+16,4.975988930638257e+16,5,1,3,0.6158,0.965568,0.0,2.918013,0.0,55030364007402694
0xc526429c000df97ac0782384b90698b352d13d20,matched_treated,2024-19,26,735594.386396,9.074076,4.975988930638257e+16,4.975988930638257e+16,4.975988930638257e+16,4.975988930638257e+16,0,0,0,0.0,0.090741,0.0,0,0.0,0
0xc526429c000df97ac0782384b90698b352d13d20,matched_treated,2024-20,20,507331.100241,6.609402,3.561192124911309e+16,1.0570117883249222e+16,2.0268848707462444e+16,2.0268848707462444e+16,2,4,1,0.0,0.066094,0.0,38.454164,15.41,-4912890676221405
0xc526429c000df97ac0782384b90698b352d13d20,matched_treated,2024-21,13,322853.653189,3.805692,1.0570117883249222e+16,1.0570117883249222e+16,1.0570117883249222e+16,1.0570117883249222e+16,0,0,0,0.0,0.038057,0.0,0,0.0,0
0xc526429c000df97ac0782384b90698b352d13d20,matched_treated,2024-22,8,30288.663791,0.340842,1.0570117883249222e+16,1.0570117883249222e+16,1.0570117883249222e+16,1.0570117883249222e+16,0,0,0,0.0,0.003408,0.0,0,0.0,0
0xc526429c000df97ac0782384b90698b352d13d20,matched_treated,2024-23,10,62830.299958,0.724607,1.0570117883249222e+16,1.0570117883249222e+16,1.0570117883249222e+16,1.0570117883249222e+16,0,0,0,0.0,0.007246,0.0,0,0.0,0
0xc526429c000df97ac0782384b90698b352d13d20,matched_treated,2024-24,14,174140.33154,2.107064,1.0570117883249222e+16,1.0570117883249222e+16,1.0570117883249222e+16,1.0570117883249222e+16,0,0,0,0.0,0.021071,0.0,0,0.0,0
0xc526429c000df97ac0782384b90698b352d13d20,matched_treated,2024-25,7,111868.241775,1.384945,1.0570117883249222e+16,1.0570117883249222e+16,1.0570117883249222e+16,1.0570117883249222e+16,0,0,0,0.0,0.013849,0.0,0,0.0,0
0xc526429c000df97ac0782384b90698b352d13d20,matched_treated,2024-26,18,92974.843913,1.1814,1.0570117883249222e+16,1.0570117883249222e+16,1.0570117883249222e+16,1.0570117883249222e+16,0,0,0,0.0,0.011814,0.0,0,0.0,0
0xc526429c000df97ac0782384b90698b352d13d20,matched_treated,2024-27,28,682133.85857,8.920689,6.1514808259857416e+16,8.644909028452835e+16,8.644909028452835e+16,6.858561729749187e+16,2,4,1,0.0,0.089207,0.0,37.145082,45.74,69071333368809159
0xc526429c000df97ac0782384b90698b352d13d20,matched_treated,2024-28,20,437422.12368,5.709473,8.644909028452837e+16,8.644909028452835e+16,6.858561729749187e+16,6.858561729749187e+16,0,0,0,0.0,0.057095,0.0,0,0.0,0
0xc526429c000df97ac0782384b90698b352d13d20,matched_treated,2024-29,12,303813.587829,3.822001,4.005820030987578e+16,3.2858671323418924e+16,3.2858671323418924e+16,5.07221443104554e+16,0,0,0,0.0,0.03822,0.0,0,0.0,0
0xc526429c000df97ac0782384b90698b352d13d20,matched_treated,2024-30,20,569217.311124,7.345681,6.579134834587385e+16,8.644909028452835e+16,6.858561729749187e+16,6.858561729749187e+16,1,1,1,1.0,0.073457,0.0,1.697583,0.0,0
0xc526429c000df97ac0782384b90698b352d13d20,matched_treated,2024-31,37,884693.972397,11.816391,8.644909028452835e+16,8.644909028452835e+16,8.644909028452835e+16,8.644909028452835e+16,0,0,0,0.0,0.118164,0.0,0,0.0,0
0xc526429c000df97ac0782384b90698b352d13d20,matched_treated,2024-32,50,2337733.335257,33.054487,8.644909028452834e+16,8.644909028452835e+16,8.644909028452835e+16,8.644909028452835e+16,0,0,0,0.0,0.330545,0.0,0,0.0,0
0xc526429c000df97ac0782384b90698b352d13d20,matched_treated,2024-33,34,428632.634421,5.916369,8.644909028452835e+16,8.644909028452835e+16,8.644909028452835e+16,8.644909028452835e+16,0,0,0,0.0,0.059164,0.0,0,0.0,0
0xc526429c000df97ac0782384b90698b352d13d20,matched_treated,2024-34,18,274493.374796,3.774458,8.644909028452837e+16,8.644909028452835e+16,8.644909028452835e+16,8.644909028452835e+16,0,0,0,0.0,0.037745,0.0,0,0.0,0
0xc526429c000df97ac0782384b90698b352d13d20,matched_treated,2024-35,30,607504.925902,8.579488,8.644909028452838e+16,8.644909028452835e+16,8.644909028452835e+16,8.644909028452835e+16,0,0,0,0.0,0.085795,0.0,0,0.0,0
0xc526429c000df97ac0782384b90698b352d13d20,matched_treated,2024-36,37,703850.196699,10.196601,8.644909028452835e+16,8.644909028452835e+16,8.644909028452835e+16,8.644909028452835e+16,0,0,0,0.0,0.101966,0.0,0,0.0,0
0xc526429c000df97ac0782384b90698b352d13d20,matched_treated,2024-37,16,312527.829717,4.514811,8.644909028452834e+16,8.644909028452835e+16,8.644909028452835e+16,8.644909028452835e+16,0,0,0,0.0,0.045148,0.0,0,0.0,0
0xc526429c000df97ac0782384b90698b352d13d20,matched_treated,2024-38,18,439641.681809,6.276691,8.644909028452837e+16,8.644909028452835e+16,8.644909028452835e+16,8.644909028452835e+16,0,0,0,0.0,0.062767,0.0,0,0.0,0
0xc526429c000df97ac0782384b90698b352d13d20,matched_treated,2024-39,16,3796283.271215,43.359957,7.014622962633324e+16,5.385356737632829e+16,5.385356737632829e+16,5.385403893206205e+16,2,4,1,0.0,0.4336,0.0,53.345934,85.94,-42140380293316555
0xc526429c000df97ac0782384b90698b352d13d20,matched_treated,2024-40,16,773936.342169,8.178135,5.385356737632829e+16,5.385356737632829e+16,5.385356737632829e+16,5.385403893206205e+16,0,0,0,0.0,0.081781,0.0,0,0.0,0
0xc526429c000df97ac0782384b90698b352d13d20,matched_treated,2024-41,6,224931.741033,2.376551,5.385356737632829e+16,5.385356737632829e+16,5.385356737632829e+16,5.385403893206205e+16,0,0,0,0.0,0.023766,0.0,0,0.0,0
0xc526429c000df97ac0782384b90698b352d13d20,matched_treated,2024-42,8,585465.610273,5.915512,5.385428560295994e+16,5.385498204352956e+16,5.385498204352956e+16,5.385451048779581e+16,0,0,0,0.0,0.059155,0.0,0,0.0,0
0xc526429c000df97ac0782384b90698b352d13d20,matched_treated,2024-43,14,668962.715022,6.681003,5.385498204352956e+16,5.385498204352956e+16,5.385498204352956e+16,5.385451048779581e+16,0,0,0,0.0,0.06681,0.0,0,0.0,0
0xc526429c000df97ac0782384b90698b352d13d20,matched_treated,2024-44,13,1244427.100299,11.920643,5.385498204352957e+16,5.385498204352956e+16,5.385498204352956e+16,5.385498204352956e+16,0,0,0,0.0,0.119206,0.0,0,0.0,0
0xc526429c000df97ac0782384b90698b352d13d20,matched_treated,2024-45,21,1917363.560136,16.767082,5.3854982043529544e+16,5.385498204352956e+16,5.385498204352956e+16,5.385498204352956e+16,0,0,0,0.0,0.167671,0.0,0,0.0,0
0xc526429c000df97ac0782384b90698b352d13d20,matched_treated,2024-46,16,1227001.907905,9.985569,6.8550720536384536e+16,7.523733829448571e+16,7.523733829448571e+16,5.1507213880682456e+16,3,5,2,0.1991,0.099856,0.0,5.231164,31.85,2114092698528387
0xc526429c000df97ac0782384b90698b352d13d20,matched_treated,2024-47,16,875637.22491,7.086941,7.268634992000187e+16,5.1507213880682456e+16,5.1507213880682456e+16,5.1507213880682456e+16,0,0,0,0.0,0.070869,0.0,0,0.0,0
0xc526429c000df97ac0782384b90698b352d13d20,matched_treated,2024-48,12,544643.31394,4.338272,2.0492671067334484e+16,4046965053075941.5,4046965053075941.5,4046965053075941.5,0,0,0,0.0,0.043383,0.0,0,0.0,0
0xc526429c000df97ac0782384b90698b352d13d20,matched_treated,2024-49,3,121076.933282,0.901327,4046965053075940.5,4046965053075941.5,4046965053075941.5,4046965053075941.5,0,0,0,0.0,0.009013,0.0,0,0.0,0
0xc526429c000df97ac0782384b90698b352d13d20,matched_treated,2024-50,6,113474.089968,0.837927,4046965053075940.5,4046965053075941.5,4046965053075941.5,4046965053075941.5,0,0,0,0.0,0.008379,0.0,0,0.0,0
0xc526429c000df97ac0782384b90698b352d13d20,matched_treated,2024-51,11,597402.389662,4.733532,9839657923373986.0,4046965053075941.5,4046965053075941.5,4046965053075941.5,0,0,0,0.0,0.047335,0.0,0,0.0,0
0xc526429c000df97ac0782384b90698b352d13d20,matched_treated,2024-52,8,265352.135631,1.740431,4046768739932971.0,4046965053075941.5,4046965053075941.5,4046965053075941.5,0,0,0,0.0,0.017404,0.0,0,0.0,0
0xc526429c000df97ac0782384b90698b352d13d20,matched_treated,2024-53,0,0,0,4046965053075941.5,0,0,0,0,0,0,0.0,0,0.0,0,0.0,0
0xc526429c000df97ac0782384b90698b352d13d20,matched_treated,2025-00,8,159196.042585,1.108737,4046965053075940.5,4046965053075941.5,4046965053075941.5,4046965053075941.5,0,0,0,0.0,0.011087,0.0,0,0.0,0
0xc526429c000df97ac0782384b90698b352d13d20,matched_treated,2025-01,4,81309.376253,0.641371,3.6204226357540984e+16,5.1507213880682456e+16,5.1507213880682456e+16,5.1507213880682456e+16,0,0,0,0.0,0.006414,0.0,0,0.0,0
0xc526429c000df97ac0782384b90698b352d13d20,matched_treated,2025-02,23,1126321.499894,7.084385,2.7106796486538256e+16,4046965053075941.5,4046493497342184.0,4046493497342184.0,0,0,0,0.0,0.070844,0.0,0,0.0,0
0xc526429c000df97ac0782384b90698b352d13d20,matched_treated,2025-03,12,572561.31028,4.377556,8204577171121253.0,7.523733829448571e+16,7.523733829448571e+16,5.1507213880682456e+16,0,0,0,0.0,0.043776,0.0,0,0.0,0
0xc526429c000df97ac0782384b90698b352d13d20,matched_treated,2025-04,34,1745647.44421,14.398847,2.6618627843030932e+16,8594151286948635.0,8594151286948635.0,8058910540442011.0,2,10,1,0.0,0.143988,0.0,8.076569,40.01,-63701723013184254
0xc526429c000df97ac0782384b90698b352d13d20,matched_treated,2025-05,24,783633.311203,6.783863,7168401093477593.0,6988429047428763.0,6988429047428763.0,7523669793935387.0,0,0,0,0.0,0.067839,0.0,0,0.0,0
0xc526429c000df97ac0782384b90698b352d13d20,matched_treated,2025-06,16,157698.864633,1.250851,6988429047428762.0,6988429047428763.0,6988429047428763.0,6988429047428763.0,0,0,0,0.0,0.012509,0.0,0,0.0,0
0xc526429c000df97ac0782384b90698b352d13d20,matched_treated,2025-07,23,382950.490498,2.800225,6987369222411311.0,6975732559946245.0,6975732559946245.0,6975732559946245.0,1,3,2,1.0,0.028002,0.0,0.282205,0.0,-28361969706019
0xc526429c000df97ac0782384b90698b352d13d20,matched_treated,2025-08,45,570152.123016,5.02918,8263184914661395.0,8578485804725133.0,8578485804725133.0,8578485804725133.0,0,0,0,0.0,0.050292,0.0,0,0.0,0
0xc526429c000df97ac0782384b90698b352d13d20,matched_treated,2025-09,48,455068.45606,4.263484,8578485804725132.0,8578485804725133.0,8578485804725133.0,8578014248991376.0,0,0,0,0.0,0.042635,0.0,0,0.0,0
0xc526429c000df97ac0782384b90698b352d13d20,matched_treated,2025-10,21,244884.979338,2.396401,8578485804725133.0,8578485804725133.0,8578485804725133.0,8578485804725133.0,0,0,0,0.0,0.023964,0.0,0,0.0,0
0xc526429c000df97ac0782384b90698b352d13d20,matched_treated,2025-11,12,85784.80822,0.802059,8578485804725133.0,8578485804725133.0,8578485804725133.0,8578485804725133.0,0,0,0,0.0,0.008021,0.0,0,0.0,0
0xc526429c000df97ac0782384b90698b352d13d20,matched_treated,2025-12,20,186181.223081,1.846825,8578370608056819.0,8577071137523861.0,8577071137523861.0,8577542693257619.0,1,1,1,1.0,0.018468,0.0,0.327109,0.0,0
0xc526429c000df97ac0782384b90698b352d13d20,matched_treated,2025-13,39,790812.896319,7.404697,8578208431245091.0,8578485804725133.0,8578485804725133.0,8578485804725133.0,1,1,1,1.0,0.074047,0.0,0.207148,0.0,0
0xc526429c000df97ac0782384b90698b352d13d20,matched_treated,2025-14,53,650824.317833,6.062925,8578485804725135.0,8578485804725133.0,8578485804725133.0,8578485804725133.0,0,0,0,0.0,0.060629,0.0,0,0.0,0
0xc526429c000df97ac0782384b90698b352d13d20,matched_treated,2025-15,22,498058.941187,4.64016,8578322947245159.0,8577071137523861.0,8577071137523861.0,8577542693257619.0,0,0,0,0.0,0.046402,0.0,0,0.0,0
0xc526429c000df97ac0782384b90698b352d13d20,matched_treated,2025-16,30,426544.172263,4.243774,8577816141784677.0,8578485804725133.0,8578485804725133.0,8578485804725133.0,0,0,0,0.0,0.042438,0.0,0,0.0,0
0xc526429c000df97ac0782384b90698b352d13d20,matched_treated,2025-17,9,65190.21467,0.627671,8578485804725133.0,8578485804725133.0,8578485804725133.0,8578485804725133.0,0,0,0,0.0,0.006277,0.0,0,0.0,0
0xc526429c000df97ac0782384b90698b352d13d20,matched_treated,2025-18,23,386075.04768,3.566739,8578485804725132.0,8578485804725133.0,8578485804725133.0,8578485804725133.0,0,0,0,0.0,0.035667,0.0,0,0.0,0
0xc526429c000df97ac0782384b90698b352d13d20,matched_treated,2025-19,30,547067.064779,4.938278,8578485804725135.0,8578485804725133.0,8578485804725133.0,8578485804725133.0,0,0,0,0.0,0.049383,0.0,0,0.0,0
0xc526429c000df97ac0782384b90698b352d13d20,matched_treated,2025-20,31,446442.164184,3.887755,8421167941591777.0,8578485804725133.0,8044234723132171.0,8044234723132171.0,1,1,1,1.0,0.038878,0.0,0.663736,0.0,0
0xc526429c000df97ac0782384b90698b352d13d20,matched_treated,2025-21,15,279129.82555,2.184976,7125447415375781.0,6975732559946245.0,6975732559946245.0,6975732559946245.0,0,0,0,0.0,0.02185,0.0,0,0.0,0
0xc526429c000df97ac0782384b90698b352d13d20,matched_treated,2025-22,12,165409.045584,1.368745,7078960151123283.0,8044234723132171.0,8044234723132171.0,8044234723132171.0,0,0,0,0.0,0.013687,0.0,0,0.0,0
0xc526429c000df97ac0782384b90698b352d13d20,matched_treated,2025-23,15,174900.605762,1.494846,7925745465393161.0,8578485804725133.0,8578485804725133.0,8578485804725133.0,0,0,0,0.0,0.014948,0.0,0,0.0,0
0xc526429c000df97ac0782384b90698b352d13d20,matched_treated,2025-24,10,50465.554463,0.464116,5472092876821775.0,331853161372021.0,331853161372021.0,331381605638263.7,2,8,1,0.0,0.004641,0.0,9.613252,0.0,-13920064199270048
0xc526429c000df97ac0782384b90698b352d13d20,matched_treated,2025-25,4,26073.788163,0.234976,705477185371536.2,1302301004029309.0,1302301004029309.0,978818389810213.0,0,0,0,0.0,0.00235,0.0,0,0.0,0
0xc526429c000df97ac0782384b90698b352d13d20,matched_treated,2025-26,5,11962.721394,0.108945,1006909709885281.1,655335775591117.0,655335775591117.0,655335775591117.0,0,0,0,0.0,0.001089,0.0,0,0.0,0
0xc526429c000df97ac0782384b90698b352d13d20,matched_treated,2025-27,5,26406.553591,0.233776,902185422684767.6,1302301004029309.0,1302301004029309.0,978818389810213.0,0,0,0,0.0,0.002338,0.0,0,0.0,0
0xc526429c000df97ac0782384b90698b352d13d20,matched_treated,2025-28,6,35640.312546,0.308753,1302301004029309.0,1302301004029309.0,1302301004029309.0,1302301004029309.0,0,0,0,0.0,0.003088,0.0,0,0.0,0
0xc526429c000df97ac0782384b90698b352d13d20,matched_treated,2025-29,7,19425.205047,0.174259,1103242062203027.4,331853161372021.0,655335775591117.0,655335775591117.0,0,0,0,0.0,0.001743,0.0,0,0.0,0
0xc526429c000df97ac0782384b90698b352d13d20,matched_treated,2025-30,6,21698.174277,0.193357,1115529908729266.5,1302301004029309.0,1302301004029309.0,978818389810213.0,0,0,0,0.0,0.001934,0.0,0,0.0,0
0xc526429c000df97ac0782384b90698b352d13d20,matched_treated,2025-31,16,50421.075687,0.401519,1302301004029309.2,1302301004029309.0,1302301004029309.0,1302301004029309.0,0,0,0,0.0,0.004015,0.0,0,0.0,0
0xc526429c000df97ac0782384b90698b352d13d20,matched_treated,2025-32,8,35301.548037,0.239151,1302301004029309.0,1302301004029309.0,1302301004029309.0,1302301004029309.0,0,0,0,0.0,0.002392,0.0,0,0.0,0
0xc526429c000df97ac0782384b90698b352d13d20,matched_treated,2025-33,17,118361.569161,0.713593,1301521559358653.0,1300886336828037.0,1300886336828037.0,1300886336828037.0,0,0,0,0.0,0.007136,0.0,0,0.0,0
0xc526429c000df97ac0782384b90698b352d13d20,matched_treated,2025-34,13,39273.765605,0.220731,1300886336828037.2,1300886336828037.0,1300886336828037.0,1300886336828037.0,0,0,0,0.0,0.002207,0.0,0,0.0,0
0xc526429c000df97ac0782384b90698b352d13d20,matched_treated,2025-35,12,36375.752863,0.223402,1301024493769576.5,1302301004029309.0,1302301004029309.0,1301829448295551.8,0,0,0,0.0,0.002234,0.0,0,0.0,0
0xc526429c000df97ac0782384b90698b352d13d20,matched_treated,2025-36,19,78972.727932,0.510051,1171571654269754.0,859428793174996.0,859428793174996.0,858957237441238.6,0,2,1,0.0,0.005101,0.0,0.301741,85.14,-521679805642975
0xc526429c000df97ac0782384b90698b352d13d20,matched_treated,2025-37,29,121074.377781,0.768171,859143754575216.2,859428793174996.0,859428793174996.0,859428793174996.0,0,0,0,0.0,0.007682,0.0,0,0.0,0
0xc526429c000df97ac0782384b90698b352d13d20,matched_treated,2025-38,20,38927.71188,0.286861,859428793174996.1,859428793174996.0,859428793174996.0,859428793174996.0,0,0,0,0.0,0.002869,0.0,0,0.0,0
0xc526429c000df97ac0782384b90698b352d13d20,matched_treated,2025-39,15,110058.051106,0.709375,859272702613363.6,859428793174996.0,859428793174996.0,859428793174996.0,0,2,1,0.0,0.007094,0.0,0,0.0,0
0xc526429c000df97ac0782384b90698b352d13d20,matched_treated,2025-40,18,101632.009065,0.648927,858941544646507.5,858014125973724.0,858014125973724.0,858485681707481.4,0,0,0,0.0,0.006489,0.0,0,0.0,0
0xc526429c000df97ac0782384b90698b352d13d20,matched_treated,2025-41,10,15820.859782,0.097756,858881369830998.5,859428793174996.0,858957237441238.6,858957237441238.6,0,0,0,0.0,0.000978,0.0,0,0.0,0
0xc526429c000df97ac0782384b90698b352d13d20,matched_treated,2025-42,15,34175.488057,0.212193,858869435915554.0,858014125973724.0,858014125973724.0,858014125973724.0,0,0,0,0.0,0.002122,0.0,0,0.0,0
0xc526429c000df97ac0782384b90698b352d13d20,matched_treated,2025-43,20,97266.310422,0.5649,858313311245516.8,858014125973724.0,858014125973724.0,858014125973724.0,0,0,0,0.0,0.005649,0.0,0,0.0,0
0xc526429c000df97ac0782384b90698b352d13d20,matched_treated,2025-44,16,95774.963967,0.508683,858014125973724.1,858014125973724.0,858014125973724.0,858014125973724.0,0,0,0,0.0,0.005087,0.0,0,0.0,0
0xc526429c000df97ac0782384b90698b352d13d20,matched_treated,2025-45,10,26084.658094,0.15074,858014125973724.0,858485681707481.4,858485681707481.4,858485681707481.4,0,0,0,0.0,0.001507,0.0,0,0.0,0
0xc526429c000df97ac0782384b90698b352d13d20,matched_treated,2025-46,17,47398.41681,0.307927,859268354289409.9,859428793174996.0,858957237441238.6,858957237441238.6,0,0,0,0.0,0.003079,0.0,0,0.0,0
0xc526429c000df97ac0782384b90698b352d13d20,matched_treated,2025-47,13,52590.831773,0.301509,858641433104523.6,858014125973724.0,858014125973724.0,858014125973724.0,0,0,0,0.0,0.003015,0.0,0,0.0,0
0xc526429c000df97ac0782384b90698b352d13d20,matched_treated,2025-48,36,103653.638134,0.509044,858014125973724.0,858014125973724.0,858014125973724.0,858014125973724.0,0,0,0,0.0,0.00509,0.0,0,0.0,0
0xc526429c000df97ac0782384b90698b352d13d20,matched_treated,2025-49,9,22203.044357,0.100087,858014125973724.0,858014125973724.0,858014125973724.0,858014125973724.0,0,0,0,0.0,0.001001,0.0,0,0.0,0
0xc526429c000df97ac0782384b90698b352d13d20,matched_treated,2025-50,22,90818.233367,0.4348,858014125973724.0,858014125973724.0,858014125973724.0,858014125973724.0,0,0,0,0.0,0.004348,0.0,0,0.0,0
0xc526429c000df97ac0782384b90698b352d13d20,matched_treated,2025-51,17,23899.191205,0.128971,858014125973724.1,858014125973724.0,858014125973724.0,858014125973724.0,0,0,0,0.0,0.00129,0.0,0,0.0,0
0xc526429c000df97ac0782384b90698b352d13d20,matched_treated,2025-52,5,10743.464075,0.061872,858014125973724.0,858014125973724.0,858014125973724.0,858014125973724.0,0,0,0,0.0,0.000619,0.0,0,0.0,0
0xc526429c000df97ac0782384b90698b352d13d20,matched_treated,2026-00,3,5161.881442,0.029636,858014125973723.9,858014125973724.0,858014125973724.0,858014125973724.0,0,0,0,0.0,0.000296,0.0,0,0.0,0
0xc526429c000df97ac0782384b90698b352d13d20,matched_treated,2026-01,10,13932.047523,0.077943,858014125973724.0,858014125973724.0,858014125973724.0,858014125973724.0,0,0,0,0.0,0.000779,0.0,0,0.0,0
0xc526429c000df97ac0782384b90698b352d13d20,matched_treated,2026-02,6,11969.569057,0.068479,858014125973724.1,858014125973724.0,858014125973724.0,858014125973724.0,0,0,0,0.0,0.000685,0.0,0,0.0,0
0xc526429c000df97ac0782384b90698b352d13d20,matched_treated,2026-03,21,38094.837322,0.244983,859101064279100.6,859428793174996.0,859428793174996.0,859428793174996.0,0,0,0,0.0,0.00245,0.0,0,0.0,0
0xc526429c000df97ac0782384b90698b352d13d20,matched_treated,2026-04,22,45931.475887,0.340685,859428793174996.0,859428793174996.0,859428793174996.0,859428793174996.0,0,0,0,0.0,0.003407,0.0,0,0.0,0
0xc526429c000df97ac0782384b90698b352d13d20,matched_treated,2026-05,31,58171.46651,0.503894,786819214355937.8,859428793174996.0,859428793174996.0,859428793174996.0,0,0,0,0.0,0.005039,0.0,0,0.0,0
0xc526429c000df97ac0782384b90698b352d13d20,matched_treated,2026-06,35,42321.239621,0.3292,859428793174995.9,859428793174996.0,859428793174996.0,859428793174996.0,0,0,0,0.0,0.003292,0.0,0,0.0,0
0xc526429c000df97ac0782384b90698b352d13d20,matched_treated,2026-07,8,13408.994744,0.103098,859428793174996.0,859428793174996.0,859428793174996.0,859428793174996.0,0,0,0,0.0,0.001031,0.0,0,0.0,0
0xc526429c000df97ac0782384b90698b352d13d20,matched_treated,2026-08,18,23562.588007,0.181499,859428793174995.8,859428793174996.0,859428793174996.0,859428793174996.0,0,0,0,0.0,0.001815,0.0,0,0.0,0
0xc526429c000df97ac0782384b90698b352d13d20,matched_treated,2026-09,19,35248.797995,0.254281,859428793174996.0,859428793174996.0,859428793174996.0,859428793174996.0,0,0,0,0.0,0.002543,0.0,0,0.0,0
0xc526429c000df97ac0782384b90698b352d13d20,matched_treated,2026-10,24,27217.136245,0.17258,859321203149769.6,858014125973724.0,858014125973724.0,858485681707481.4,0,0,0,0.0,0.001726,0.0,0,0.0,0
0xc526429c000df97ac0782384b90698b352d13d20,matched_treated,2026-11,11,19775.860861,0.117039,858014125973724.0,858014125973724.0,858014125973724.0,858485681707481.4,0,0,0,0.0,0.00117,0.0,0,0.0,0
0xc526429c000df97ac0782384b90698b352d13d20,matched_treated,2026-12,7,15282.567704,0.08897,858014125973724.1,858014125973724.0,858014125973724.0,858014125973724.0,0,0,0,0.0,0.00089,0.0,0,0.0,0
0xc526429c000df97ac0782384b90698b352d13d20,matched_treated,2026-13,15,111142.089008,0.492532,858014125973724.1,858014125973724.0,612132609035182.4,572009417315816.0,0,0,0,0.0,0.004925,0.0,0,0.0,0
0xc526429c000df97ac0782384b90698b352d13d20,matched_treated,2026-14,1,3000.0,0.010129,563628333007757.4,80246383438732.67,326127900377274.3,326127900377274.3,0,0,0,0.0,0.000101,0.0,0,0.0,0
0xc526429c000df97ac0782384b90698b352d13d20,matched_treated,2026-15,0,0,0,120369575158099.0,0,0,0,0,0,0,0.0,0,0.0,0,0.0,0
0xc526429c000df97ac0782384b90698b352d13d20,matched_treated,2026-16,5,55593.520728,0.190679,339763036864828.4,404256784728104.0,404256784728104.0,404256784728104.0,2,6,1,0.0,0.001907,0.0,0.047478,0.02,-139635022264764
0xc526429c000df97ac0782384b90698b352d13d20,matched_treated,2026-17,4,19979.838176,0.055458,404256784728104.06,404256784728104.0,404256784728104.0,404256784728104.0,0,0,0,0.0,0.000555,0.0,0,0.0,0
0xc526429c000df97ac0782384b90698b352d13d20,matched_treated,2026-18,6,30131.51355,0.074344,404256784728104.0,404256784728104.0,404256784728104.0,404256784728104.0,0,0,0,0.0,0.000743,0.0,0,0.0,0
0xc526429c000df97ac0782384b90698b352d13d20,matched_treated,2026-19,4,5423.084624,0.012515,404256784728104.0,404256784728104.0,404256784728104.0,404256784728104.0,0,0,0,0.0,0.000125,0.0,0,0.0,0
0xc526429c000df97ac0782384b90698b352d13d20,matched_treated,2026-20,13,52788.496246,0.154939,427346925272279.2,524626359886203.0,524626359886203.0,524626359886203.0,0,0,0,0.0,0.001549,0.0,0,0.0,0
0xc526429c000df97ac0782384b90698b352d13d20,matched_treated,2026-21,8,28478.621659,0.112167,452153733174491.0,471797882098630.3,471797882098630.3,471797882098630.3,0,0,0,0.0,0.001122,0.0,0,0.0,0
0xc526429c000df97ac0782384b90698b352d13d20,matched_treated,2026-22,23,66073.534093,0.346401,445475035197053.1,445383643204844.0,445383643204844.0,445383643204844.0,0,0,0,0.0,0.003464,0.0,0,0.0,0
0xc526429c000df97ac0782384b90698b352d13d20,matched_treated,2026-23,3,5287.264568,0.028318,445383643204844.0,445383643204844.0,445383643204844.0,445383643204844.0,0,0,0,0.0,0.000283,0.0,0,0.0,0
0xc526429c000df97ac0782384b90698b352d13d20,matched_treated,2026-24,7,13110.785074,0.075666,445383643204844.0,445383643204844.0,445383643204844.0,445855198938601.3,0,0,0,0.0,0.000757,0.0,0,0.0,0
0xc526429c000df97ac0782384b90698b352d13d20,matched_treated,2026-25,8,25058.674523,0.132153,445383643204844.0,445383643204844.0,445383643204844.0,445383643204844.0,0,0,0,0.0,0.001322,0.0,0,0.0,0
0xc526429c000df97ac0782384b90698b352d13d20,matched_treated,2026-26,1,1242.160099,0.006248,445383643204844.06,445383643204844.0,445383643204844.0,445383643204844.0,0,0,0,0.0,6.2e-05,0.0,0,0.0,0
